-- phpMyAdmin SQL Dump
-- version 4.9.1
-- https://www.phpmyadmin.net/
--
-- Host: 127.0.0.1
-- Generation Time: Dec 16, 2019 at 06:02 PM
-- Server version: 10.4.8-MariaDB
-- PHP Version: 7.1.32

SET SQL_MODE = "NO_AUTO_VALUE_ON_ZERO";
SET AUTOCOMMIT = 0;
START TRANSACTION;
SET time_zone = "+00:00";


/*!40101 SET @OLD_CHARACTER_SET_CLIENT=@@CHARACTER_SET_CLIENT */;
/*!40101 SET @OLD_CHARACTER_SET_RESULTS=@@CHARACTER_SET_RESULTS */;
/*!40101 SET @OLD_COLLATION_CONNECTION=@@COLLATION_CONNECTION */;
/*!40101 SET NAMES utf8mb4 */;

--
-- Database: `foodblog`
--

-- --------------------------------------------------------

--
-- Table structure for table `categories`
--

CREATE TABLE `categories` (
  `id` int(10) UNSIGNED NOT NULL,
  `name` varchar(255) COLLATE utf8mb4_unicode_ci NOT NULL,
  `slug` varchar(255) COLLATE utf8mb4_unicode_ci NOT NULL,
  `image` varchar(255) COLLATE utf8mb4_unicode_ci NOT NULL DEFAULT 'default.png',
  `created_at` timestamp NULL DEFAULT NULL,
  `updated_at` timestamp NULL DEFAULT NULL
) ENGINE=InnoDB DEFAULT CHARSET=utf8mb4 COLLATE=utf8mb4_unicode_ci;

--
-- Dumping data for table `categories`
--

INSERT INTO `categories` (`id`, `name`, `slug`, `image`, `created_at`, `updated_at`) VALUES
(22, 'Pizza', 'pizza', 'pizza-2019-12-15-5df5dbb30673a.jpg', '2019-12-15 01:07:31', '2019-12-15 01:07:31'),
(23, 'Pasta', 'pasta', 'pasta-2019-12-15-5df5dbc069841.jpg', '2019-12-15 01:07:45', '2019-12-15 01:07:45'),
(24, 'Burger', 'burger', 'burger-2019-12-16-5df797639b189.jpg', '2019-12-16 08:40:36', '2019-12-16 08:40:36'),
(25, 'Chicken Fry', 'chicken-fry', 'chicken-fry-2019-12-16-5df797b1db792.jpg', '2019-12-16 08:41:54', '2019-12-16 08:41:54'),
(26, 'Chicken Wings', 'chicken-wings', 'chicken-wings-2019-12-16-5df797c7c89f1.jpg', '2019-12-16 08:42:16', '2019-12-16 08:42:16'),
(27, 'Sandwich', 'sandwich', 'sandwich-2019-12-16-5df797d9b274d.png', '2019-12-16 08:42:34', '2019-12-16 08:42:34'),
(28, 'Cold Coffee', 'cold-coffee', 'cold-coffee-2019-12-16-5df797eb9db4f.jpg', '2019-12-16 08:42:51', '2019-12-16 08:42:51');

-- --------------------------------------------------------

--
-- Table structure for table `category_post`
--

CREATE TABLE `category_post` (
  `id` int(10) UNSIGNED NOT NULL,
  `post_id` int(11) NOT NULL,
  `category_id` int(11) NOT NULL,
  `created_at` timestamp NULL DEFAULT NULL,
  `updated_at` timestamp NULL DEFAULT NULL
) ENGINE=InnoDB DEFAULT CHARSET=utf8mb4 COLLATE=utf8mb4_unicode_ci;

--
-- Dumping data for table `category_post`
--

INSERT INTO `category_post` (`id`, `post_id`, `category_id`, `created_at`, `updated_at`) VALUES
(24, 21, 26, '2019-12-16 08:55:30', '2019-12-16 08:55:30'),
(25, 22, 24, '2019-12-16 08:57:41', '2019-12-16 08:57:41'),
(26, 23, 24, '2019-12-16 09:04:07', '2019-12-16 09:04:07'),
(27, 24, 24, '2019-12-16 09:05:40', '2019-12-16 09:05:40'),
(28, 25, 28, '2019-12-16 09:06:37', '2019-12-16 09:06:37'),
(29, 26, 27, '2019-12-16 09:07:31', '2019-12-16 09:07:31'),
(30, 27, 22, '2019-12-16 09:35:14', '2019-12-16 09:35:14'),
(31, 28, 22, '2019-12-16 09:36:39', '2019-12-16 09:36:39'),
(32, 29, 22, '2019-12-16 09:38:15', '2019-12-16 09:38:15');

-- --------------------------------------------------------

--
-- Table structure for table `comments`
--

CREATE TABLE `comments` (
  `id` int(10) UNSIGNED NOT NULL,
  `post_id` int(10) UNSIGNED NOT NULL,
  `user_id` int(10) UNSIGNED NOT NULL,
  `comment` text COLLATE utf8mb4_unicode_ci NOT NULL,
  `created_at` timestamp NULL DEFAULT NULL,
  `updated_at` timestamp NULL DEFAULT NULL
) ENGINE=InnoDB DEFAULT CHARSET=utf8mb4 COLLATE=utf8mb4_unicode_ci;

-- --------------------------------------------------------

--
-- Table structure for table `jobs`
--

CREATE TABLE `jobs` (
  `id` bigint(20) UNSIGNED NOT NULL,
  `queue` varchar(255) COLLATE utf8mb4_unicode_ci NOT NULL,
  `payload` longtext COLLATE utf8mb4_unicode_ci NOT NULL,
  `attempts` tinyint(3) UNSIGNED NOT NULL,
  `reserved_at` int(10) UNSIGNED DEFAULT NULL,
  `available_at` int(10) UNSIGNED NOT NULL,
  `created_at` int(10) UNSIGNED NOT NULL
) ENGINE=InnoDB DEFAULT CHARSET=utf8mb4 COLLATE=utf8mb4_unicode_ci;

--
-- Dumping data for table `jobs`
--

INSERT INTO `jobs` (`id`, `queue`, `payload`, `attempts`, `reserved_at`, `available_at`, `created_at`) VALUES
(8, 'default', '{\"displayName\":\"App\\\\Notifications\\\\NewAuthorPost\",\"job\":\"Illuminate\\\\Queue\\\\CallQueuedHandler@call\",\"maxTries\":null,\"timeout\":null,\"timeoutAt\":null,\"data\":{\"commandName\":\"Illuminate\\\\Notifications\\\\SendQueuedNotifications\",\"command\":\"O:48:\\\"Illuminate\\\\Notifications\\\\SendQueuedNotifications\\\":9:{s:11:\\\"notifiables\\\";O:45:\\\"Illuminate\\\\Contracts\\\\Database\\\\ModelIdentifier\\\":4:{s:5:\\\"class\\\";s:8:\\\"App\\\\User\\\";s:2:\\\"id\\\";i:1;s:9:\\\"relations\\\";a:0:{}s:10:\\\"connection\\\";s:5:\\\"mysql\\\";}s:12:\\\"notification\\\";O:31:\\\"App\\\\Notifications\\\\NewAuthorPost\\\":8:{s:4:\\\"post\\\";O:45:\\\"Illuminate\\\\Contracts\\\\Database\\\\ModelIdentifier\\\":4:{s:5:\\\"class\\\";s:8:\\\"App\\\\Post\\\";s:2:\\\"id\\\";i:21;s:9:\\\"relations\\\";a:0:{}s:10:\\\"connection\\\";s:5:\\\"mysql\\\";}s:2:\\\"id\\\";s:36:\\\"7a84ad50-3aeb-43ee-aceb-40bccf7fdac2\\\";s:10:\\\"connection\\\";N;s:5:\\\"queue\\\";N;s:15:\\\"chainConnection\\\";N;s:10:\\\"chainQueue\\\";N;s:5:\\\"delay\\\";N;s:7:\\\"chained\\\";a:0:{}}s:8:\\\"channels\\\";a:1:{i:0;s:4:\\\"mail\\\";}s:10:\\\"connection\\\";N;s:5:\\\"queue\\\";N;s:15:\\\"chainConnection\\\";N;s:10:\\\"chainQueue\\\";N;s:5:\\\"delay\\\";N;s:7:\\\"chained\\\";a:0:{}}\"}}', 0, NULL, 1576508131, 1576508131),
(9, 'default', '{\"displayName\":\"App\\\\Notifications\\\\NewAuthorPost\",\"job\":\"Illuminate\\\\Queue\\\\CallQueuedHandler@call\",\"maxTries\":null,\"timeout\":null,\"timeoutAt\":null,\"data\":{\"commandName\":\"Illuminate\\\\Notifications\\\\SendQueuedNotifications\",\"command\":\"O:48:\\\"Illuminate\\\\Notifications\\\\SendQueuedNotifications\\\":9:{s:11:\\\"notifiables\\\";O:45:\\\"Illuminate\\\\Contracts\\\\Database\\\\ModelIdentifier\\\":4:{s:5:\\\"class\\\";s:8:\\\"App\\\\User\\\";s:2:\\\"id\\\";i:1;s:9:\\\"relations\\\";a:0:{}s:10:\\\"connection\\\";s:5:\\\"mysql\\\";}s:12:\\\"notification\\\";O:31:\\\"App\\\\Notifications\\\\NewAuthorPost\\\":8:{s:4:\\\"post\\\";O:45:\\\"Illuminate\\\\Contracts\\\\Database\\\\ModelIdentifier\\\":4:{s:5:\\\"class\\\";s:8:\\\"App\\\\Post\\\";s:2:\\\"id\\\";i:22;s:9:\\\"relations\\\";a:0:{}s:10:\\\"connection\\\";s:5:\\\"mysql\\\";}s:2:\\\"id\\\";s:36:\\\"ce95cac4-bf9f-49b9-94c1-32166ab8a0c2\\\";s:10:\\\"connection\\\";N;s:5:\\\"queue\\\";N;s:15:\\\"chainConnection\\\";N;s:10:\\\"chainQueue\\\";N;s:5:\\\"delay\\\";N;s:7:\\\"chained\\\";a:0:{}}s:8:\\\"channels\\\";a:1:{i:0;s:4:\\\"mail\\\";}s:10:\\\"connection\\\";N;s:5:\\\"queue\\\";N;s:15:\\\"chainConnection\\\";N;s:10:\\\"chainQueue\\\";N;s:5:\\\"delay\\\";N;s:7:\\\"chained\\\";a:0:{}}\"}}', 0, NULL, 1576508261, 1576508261),
(10, 'default', '{\"displayName\":\"App\\\\Notifications\\\\NewAuthorPost\",\"job\":\"Illuminate\\\\Queue\\\\CallQueuedHandler@call\",\"maxTries\":null,\"timeout\":null,\"timeoutAt\":null,\"data\":{\"commandName\":\"Illuminate\\\\Notifications\\\\SendQueuedNotifications\",\"command\":\"O:48:\\\"Illuminate\\\\Notifications\\\\SendQueuedNotifications\\\":9:{s:11:\\\"notifiables\\\";O:45:\\\"Illuminate\\\\Contracts\\\\Database\\\\ModelIdentifier\\\":4:{s:5:\\\"class\\\";s:8:\\\"App\\\\User\\\";s:2:\\\"id\\\";i:1;s:9:\\\"relations\\\";a:0:{}s:10:\\\"connection\\\";s:5:\\\"mysql\\\";}s:12:\\\"notification\\\";O:31:\\\"App\\\\Notifications\\\\NewAuthorPost\\\":8:{s:4:\\\"post\\\";O:45:\\\"Illuminate\\\\Contracts\\\\Database\\\\ModelIdentifier\\\":4:{s:5:\\\"class\\\";s:8:\\\"App\\\\Post\\\";s:2:\\\"id\\\";i:23;s:9:\\\"relations\\\";a:0:{}s:10:\\\"connection\\\";s:5:\\\"mysql\\\";}s:2:\\\"id\\\";s:36:\\\"d234893c-92e4-484f-a0ff-d6ec40edcac6\\\";s:10:\\\"connection\\\";N;s:5:\\\"queue\\\";N;s:15:\\\"chainConnection\\\";N;s:10:\\\"chainQueue\\\";N;s:5:\\\"delay\\\";N;s:7:\\\"chained\\\";a:0:{}}s:8:\\\"channels\\\";a:1:{i:0;s:4:\\\"mail\\\";}s:10:\\\"connection\\\";N;s:5:\\\"queue\\\";N;s:15:\\\"chainConnection\\\";N;s:10:\\\"chainQueue\\\";N;s:5:\\\"delay\\\";N;s:7:\\\"chained\\\";a:0:{}}\"}}', 0, NULL, 1576508647, 1576508647),
(11, 'default', '{\"displayName\":\"App\\\\Notifications\\\\NewAuthorPost\",\"job\":\"Illuminate\\\\Queue\\\\CallQueuedHandler@call\",\"maxTries\":null,\"timeout\":null,\"timeoutAt\":null,\"data\":{\"commandName\":\"Illuminate\\\\Notifications\\\\SendQueuedNotifications\",\"command\":\"O:48:\\\"Illuminate\\\\Notifications\\\\SendQueuedNotifications\\\":9:{s:11:\\\"notifiables\\\";O:45:\\\"Illuminate\\\\Contracts\\\\Database\\\\ModelIdentifier\\\":4:{s:5:\\\"class\\\";s:8:\\\"App\\\\User\\\";s:2:\\\"id\\\";i:1;s:9:\\\"relations\\\";a:0:{}s:10:\\\"connection\\\";s:5:\\\"mysql\\\";}s:12:\\\"notification\\\";O:31:\\\"App\\\\Notifications\\\\NewAuthorPost\\\":8:{s:4:\\\"post\\\";O:45:\\\"Illuminate\\\\Contracts\\\\Database\\\\ModelIdentifier\\\":4:{s:5:\\\"class\\\";s:8:\\\"App\\\\Post\\\";s:2:\\\"id\\\";i:24;s:9:\\\"relations\\\";a:0:{}s:10:\\\"connection\\\";s:5:\\\"mysql\\\";}s:2:\\\"id\\\";s:36:\\\"a08ff806-bcfe-4c13-b033-38bdd1cf86ae\\\";s:10:\\\"connection\\\";N;s:5:\\\"queue\\\";N;s:15:\\\"chainConnection\\\";N;s:10:\\\"chainQueue\\\";N;s:5:\\\"delay\\\";N;s:7:\\\"chained\\\";a:0:{}}s:8:\\\"channels\\\";a:1:{i:0;s:4:\\\"mail\\\";}s:10:\\\"connection\\\";N;s:5:\\\"queue\\\";N;s:15:\\\"chainConnection\\\";N;s:10:\\\"chainQueue\\\";N;s:5:\\\"delay\\\";N;s:7:\\\"chained\\\";a:0:{}}\"}}', 0, NULL, 1576508740, 1576508740),
(12, 'default', '{\"displayName\":\"App\\\\Notifications\\\\NewAuthorPost\",\"job\":\"Illuminate\\\\Queue\\\\CallQueuedHandler@call\",\"maxTries\":null,\"timeout\":null,\"timeoutAt\":null,\"data\":{\"commandName\":\"Illuminate\\\\Notifications\\\\SendQueuedNotifications\",\"command\":\"O:48:\\\"Illuminate\\\\Notifications\\\\SendQueuedNotifications\\\":9:{s:11:\\\"notifiables\\\";O:45:\\\"Illuminate\\\\Contracts\\\\Database\\\\ModelIdentifier\\\":4:{s:5:\\\"class\\\";s:8:\\\"App\\\\User\\\";s:2:\\\"id\\\";i:1;s:9:\\\"relations\\\";a:0:{}s:10:\\\"connection\\\";s:5:\\\"mysql\\\";}s:12:\\\"notification\\\";O:31:\\\"App\\\\Notifications\\\\NewAuthorPost\\\":8:{s:4:\\\"post\\\";O:45:\\\"Illuminate\\\\Contracts\\\\Database\\\\ModelIdentifier\\\":4:{s:5:\\\"class\\\";s:8:\\\"App\\\\Post\\\";s:2:\\\"id\\\";i:25;s:9:\\\"relations\\\";a:0:{}s:10:\\\"connection\\\";s:5:\\\"mysql\\\";}s:2:\\\"id\\\";s:36:\\\"3def2bc4-4ac1-4d93-8412-0c1d521af73e\\\";s:10:\\\"connection\\\";N;s:5:\\\"queue\\\";N;s:15:\\\"chainConnection\\\";N;s:10:\\\"chainQueue\\\";N;s:5:\\\"delay\\\";N;s:7:\\\"chained\\\";a:0:{}}s:8:\\\"channels\\\";a:1:{i:0;s:4:\\\"mail\\\";}s:10:\\\"connection\\\";N;s:5:\\\"queue\\\";N;s:15:\\\"chainConnection\\\";N;s:10:\\\"chainQueue\\\";N;s:5:\\\"delay\\\";N;s:7:\\\"chained\\\";a:0:{}}\"}}', 0, NULL, 1576508797, 1576508797),
(13, 'default', '{\"displayName\":\"App\\\\Notifications\\\\NewAuthorPost\",\"job\":\"Illuminate\\\\Queue\\\\CallQueuedHandler@call\",\"maxTries\":null,\"timeout\":null,\"timeoutAt\":null,\"data\":{\"commandName\":\"Illuminate\\\\Notifications\\\\SendQueuedNotifications\",\"command\":\"O:48:\\\"Illuminate\\\\Notifications\\\\SendQueuedNotifications\\\":9:{s:11:\\\"notifiables\\\";O:45:\\\"Illuminate\\\\Contracts\\\\Database\\\\ModelIdentifier\\\":4:{s:5:\\\"class\\\";s:8:\\\"App\\\\User\\\";s:2:\\\"id\\\";i:1;s:9:\\\"relations\\\";a:0:{}s:10:\\\"connection\\\";s:5:\\\"mysql\\\";}s:12:\\\"notification\\\";O:31:\\\"App\\\\Notifications\\\\NewAuthorPost\\\":8:{s:4:\\\"post\\\";O:45:\\\"Illuminate\\\\Contracts\\\\Database\\\\ModelIdentifier\\\":4:{s:5:\\\"class\\\";s:8:\\\"App\\\\Post\\\";s:2:\\\"id\\\";i:26;s:9:\\\"relations\\\";a:0:{}s:10:\\\"connection\\\";s:5:\\\"mysql\\\";}s:2:\\\"id\\\";s:36:\\\"5458f44f-876d-4545-9a8f-93a437c46c85\\\";s:10:\\\"connection\\\";N;s:5:\\\"queue\\\";N;s:15:\\\"chainConnection\\\";N;s:10:\\\"chainQueue\\\";N;s:5:\\\"delay\\\";N;s:7:\\\"chained\\\";a:0:{}}s:8:\\\"channels\\\";a:1:{i:0;s:4:\\\"mail\\\";}s:10:\\\"connection\\\";N;s:5:\\\"queue\\\";N;s:15:\\\"chainConnection\\\";N;s:10:\\\"chainQueue\\\";N;s:5:\\\"delay\\\";N;s:7:\\\"chained\\\";a:0:{}}\"}}', 0, NULL, 1576508851, 1576508851),
(14, 'default', '{\"displayName\":\"App\\\\Notifications\\\\AuthorPostApproved\",\"job\":\"Illuminate\\\\Queue\\\\CallQueuedHandler@call\",\"maxTries\":null,\"timeout\":null,\"timeoutAt\":null,\"data\":{\"commandName\":\"Illuminate\\\\Notifications\\\\SendQueuedNotifications\",\"command\":\"O:48:\\\"Illuminate\\\\Notifications\\\\SendQueuedNotifications\\\":9:{s:11:\\\"notifiables\\\";O:45:\\\"Illuminate\\\\Contracts\\\\Database\\\\ModelIdentifier\\\":4:{s:5:\\\"class\\\";s:8:\\\"App\\\\User\\\";s:2:\\\"id\\\";i:4;s:9:\\\"relations\\\";a:0:{}s:10:\\\"connection\\\";s:5:\\\"mysql\\\";}s:12:\\\"notification\\\";O:36:\\\"App\\\\Notifications\\\\AuthorPostApproved\\\":8:{s:4:\\\"post\\\";O:45:\\\"Illuminate\\\\Contracts\\\\Database\\\\ModelIdentifier\\\":4:{s:5:\\\"class\\\";s:8:\\\"App\\\\Post\\\";s:2:\\\"id\\\";i:21;s:9:\\\"relations\\\";a:1:{i:0;s:4:\\\"user\\\";}s:10:\\\"connection\\\";s:5:\\\"mysql\\\";}s:2:\\\"id\\\";s:36:\\\"0a522fea-40d1-4dbb-9ca4-9f1038ca9893\\\";s:10:\\\"connection\\\";N;s:5:\\\"queue\\\";N;s:15:\\\"chainConnection\\\";N;s:10:\\\"chainQueue\\\";N;s:5:\\\"delay\\\";N;s:7:\\\"chained\\\";a:0:{}}s:8:\\\"channels\\\";a:1:{i:0;s:4:\\\"mail\\\";}s:10:\\\"connection\\\";N;s:5:\\\"queue\\\";N;s:15:\\\"chainConnection\\\";N;s:10:\\\"chainQueue\\\";N;s:5:\\\"delay\\\";N;s:7:\\\"chained\\\";a:0:{}}\"}}', 0, NULL, 1576508921, 1576508921),
(15, 'default', '{\"displayName\":\"App\\\\Notifications\\\\NewPostNotify\",\"job\":\"Illuminate\\\\Queue\\\\CallQueuedHandler@call\",\"maxTries\":null,\"timeout\":null,\"timeoutAt\":null,\"data\":{\"commandName\":\"Illuminate\\\\Notifications\\\\SendQueuedNotifications\",\"command\":\"O:48:\\\"Illuminate\\\\Notifications\\\\SendQueuedNotifications\\\":9:{s:11:\\\"notifiables\\\";O:44:\\\"Illuminate\\\\Notifications\\\\AnonymousNotifiable\\\":1:{s:6:\\\"routes\\\";a:1:{s:4:\\\"mail\\\";s:20:\\\"auninda123@gmail.com\\\";}}s:12:\\\"notification\\\";O:31:\\\"App\\\\Notifications\\\\NewPostNotify\\\":8:{s:4:\\\"post\\\";O:45:\\\"Illuminate\\\\Contracts\\\\Database\\\\ModelIdentifier\\\":4:{s:5:\\\"class\\\";s:8:\\\"App\\\\Post\\\";s:2:\\\"id\\\";i:21;s:9:\\\"relations\\\";a:1:{i:0;s:4:\\\"user\\\";}s:10:\\\"connection\\\";s:5:\\\"mysql\\\";}s:2:\\\"id\\\";s:36:\\\"12502d79-2479-4941-8067-cc3810cb198f\\\";s:10:\\\"connection\\\";N;s:5:\\\"queue\\\";N;s:15:\\\"chainConnection\\\";N;s:10:\\\"chainQueue\\\";N;s:5:\\\"delay\\\";N;s:7:\\\"chained\\\";a:0:{}}s:8:\\\"channels\\\";a:1:{i:0;s:4:\\\"mail\\\";}s:10:\\\"connection\\\";N;s:5:\\\"queue\\\";N;s:15:\\\"chainConnection\\\";N;s:10:\\\"chainQueue\\\";N;s:5:\\\"delay\\\";N;s:7:\\\"chained\\\";a:0:{}}\"}}', 0, NULL, 1576508921, 1576508921),
(16, 'default', '{\"displayName\":\"App\\\\Notifications\\\\NewPostNotify\",\"job\":\"Illuminate\\\\Queue\\\\CallQueuedHandler@call\",\"maxTries\":null,\"timeout\":null,\"timeoutAt\":null,\"data\":{\"commandName\":\"Illuminate\\\\Notifications\\\\SendQueuedNotifications\",\"command\":\"O:48:\\\"Illuminate\\\\Notifications\\\\SendQueuedNotifications\\\":9:{s:11:\\\"notifiables\\\";O:44:\\\"Illuminate\\\\Notifications\\\\AnonymousNotifiable\\\":1:{s:6:\\\"routes\\\";a:1:{s:4:\\\"mail\\\";s:19:\\\"victor123@gmail.com\\\";}}s:12:\\\"notification\\\";O:31:\\\"App\\\\Notifications\\\\NewPostNotify\\\":8:{s:4:\\\"post\\\";O:45:\\\"Illuminate\\\\Contracts\\\\Database\\\\ModelIdentifier\\\":4:{s:5:\\\"class\\\";s:8:\\\"App\\\\Post\\\";s:2:\\\"id\\\";i:21;s:9:\\\"relations\\\";a:1:{i:0;s:4:\\\"user\\\";}s:10:\\\"connection\\\";s:5:\\\"mysql\\\";}s:2:\\\"id\\\";s:36:\\\"10953e41-dcaa-4ab9-9425-8e8c9d323ceb\\\";s:10:\\\"connection\\\";N;s:5:\\\"queue\\\";N;s:15:\\\"chainConnection\\\";N;s:10:\\\"chainQueue\\\";N;s:5:\\\"delay\\\";N;s:7:\\\"chained\\\";a:0:{}}s:8:\\\"channels\\\";a:1:{i:0;s:4:\\\"mail\\\";}s:10:\\\"connection\\\";N;s:5:\\\"queue\\\";N;s:15:\\\"chainConnection\\\";N;s:10:\\\"chainQueue\\\";N;s:5:\\\"delay\\\";N;s:7:\\\"chained\\\";a:0:{}}\"}}', 0, NULL, 1576508922, 1576508922),
(17, 'default', '{\"displayName\":\"App\\\\Notifications\\\\AuthorPostApproved\",\"job\":\"Illuminate\\\\Queue\\\\CallQueuedHandler@call\",\"maxTries\":null,\"timeout\":null,\"timeoutAt\":null,\"data\":{\"commandName\":\"Illuminate\\\\Notifications\\\\SendQueuedNotifications\",\"command\":\"O:48:\\\"Illuminate\\\\Notifications\\\\SendQueuedNotifications\\\":9:{s:11:\\\"notifiables\\\";O:45:\\\"Illuminate\\\\Contracts\\\\Database\\\\ModelIdentifier\\\":4:{s:5:\\\"class\\\";s:8:\\\"App\\\\User\\\";s:2:\\\"id\\\";i:4;s:9:\\\"relations\\\";a:0:{}s:10:\\\"connection\\\";s:5:\\\"mysql\\\";}s:12:\\\"notification\\\";O:36:\\\"App\\\\Notifications\\\\AuthorPostApproved\\\":8:{s:4:\\\"post\\\";O:45:\\\"Illuminate\\\\Contracts\\\\Database\\\\ModelIdentifier\\\":4:{s:5:\\\"class\\\";s:8:\\\"App\\\\Post\\\";s:2:\\\"id\\\";i:22;s:9:\\\"relations\\\";a:1:{i:0;s:4:\\\"user\\\";}s:10:\\\"connection\\\";s:5:\\\"mysql\\\";}s:2:\\\"id\\\";s:36:\\\"28632513-c633-4698-97f9-351f68ed27d9\\\";s:10:\\\"connection\\\";N;s:5:\\\"queue\\\";N;s:15:\\\"chainConnection\\\";N;s:10:\\\"chainQueue\\\";N;s:5:\\\"delay\\\";N;s:7:\\\"chained\\\";a:0:{}}s:8:\\\"channels\\\";a:1:{i:0;s:4:\\\"mail\\\";}s:10:\\\"connection\\\";N;s:5:\\\"queue\\\";N;s:15:\\\"chainConnection\\\";N;s:10:\\\"chainQueue\\\";N;s:5:\\\"delay\\\";N;s:7:\\\"chained\\\";a:0:{}}\"}}', 0, NULL, 1576508925, 1576508925),
(18, 'default', '{\"displayName\":\"App\\\\Notifications\\\\NewPostNotify\",\"job\":\"Illuminate\\\\Queue\\\\CallQueuedHandler@call\",\"maxTries\":null,\"timeout\":null,\"timeoutAt\":null,\"data\":{\"commandName\":\"Illuminate\\\\Notifications\\\\SendQueuedNotifications\",\"command\":\"O:48:\\\"Illuminate\\\\Notifications\\\\SendQueuedNotifications\\\":9:{s:11:\\\"notifiables\\\";O:44:\\\"Illuminate\\\\Notifications\\\\AnonymousNotifiable\\\":1:{s:6:\\\"routes\\\";a:1:{s:4:\\\"mail\\\";s:20:\\\"auninda123@gmail.com\\\";}}s:12:\\\"notification\\\";O:31:\\\"App\\\\Notifications\\\\NewPostNotify\\\":8:{s:4:\\\"post\\\";O:45:\\\"Illuminate\\\\Contracts\\\\Database\\\\ModelIdentifier\\\":4:{s:5:\\\"class\\\";s:8:\\\"App\\\\Post\\\";s:2:\\\"id\\\";i:22;s:9:\\\"relations\\\";a:1:{i:0;s:4:\\\"user\\\";}s:10:\\\"connection\\\";s:5:\\\"mysql\\\";}s:2:\\\"id\\\";s:36:\\\"c7067152-360f-46f1-aad3-7bf1d3cff6a3\\\";s:10:\\\"connection\\\";N;s:5:\\\"queue\\\";N;s:15:\\\"chainConnection\\\";N;s:10:\\\"chainQueue\\\";N;s:5:\\\"delay\\\";N;s:7:\\\"chained\\\";a:0:{}}s:8:\\\"channels\\\";a:1:{i:0;s:4:\\\"mail\\\";}s:10:\\\"connection\\\";N;s:5:\\\"queue\\\";N;s:15:\\\"chainConnection\\\";N;s:10:\\\"chainQueue\\\";N;s:5:\\\"delay\\\";N;s:7:\\\"chained\\\";a:0:{}}\"}}', 0, NULL, 1576508925, 1576508925),
(19, 'default', '{\"displayName\":\"App\\\\Notifications\\\\NewPostNotify\",\"job\":\"Illuminate\\\\Queue\\\\CallQueuedHandler@call\",\"maxTries\":null,\"timeout\":null,\"timeoutAt\":null,\"data\":{\"commandName\":\"Illuminate\\\\Notifications\\\\SendQueuedNotifications\",\"command\":\"O:48:\\\"Illuminate\\\\Notifications\\\\SendQueuedNotifications\\\":9:{s:11:\\\"notifiables\\\";O:44:\\\"Illuminate\\\\Notifications\\\\AnonymousNotifiable\\\":1:{s:6:\\\"routes\\\";a:1:{s:4:\\\"mail\\\";s:19:\\\"victor123@gmail.com\\\";}}s:12:\\\"notification\\\";O:31:\\\"App\\\\Notifications\\\\NewPostNotify\\\":8:{s:4:\\\"post\\\";O:45:\\\"Illuminate\\\\Contracts\\\\Database\\\\ModelIdentifier\\\":4:{s:5:\\\"class\\\";s:8:\\\"App\\\\Post\\\";s:2:\\\"id\\\";i:22;s:9:\\\"relations\\\";a:1:{i:0;s:4:\\\"user\\\";}s:10:\\\"connection\\\";s:5:\\\"mysql\\\";}s:2:\\\"id\\\";s:36:\\\"46388491-229b-48cd-8942-7a6f5e203f78\\\";s:10:\\\"connection\\\";N;s:5:\\\"queue\\\";N;s:15:\\\"chainConnection\\\";N;s:10:\\\"chainQueue\\\";N;s:5:\\\"delay\\\";N;s:7:\\\"chained\\\";a:0:{}}s:8:\\\"channels\\\";a:1:{i:0;s:4:\\\"mail\\\";}s:10:\\\"connection\\\";N;s:5:\\\"queue\\\";N;s:15:\\\"chainConnection\\\";N;s:10:\\\"chainQueue\\\";N;s:5:\\\"delay\\\";N;s:7:\\\"chained\\\";a:0:{}}\"}}', 0, NULL, 1576508925, 1576508925),
(20, 'default', '{\"displayName\":\"App\\\\Notifications\\\\AuthorPostApproved\",\"job\":\"Illuminate\\\\Queue\\\\CallQueuedHandler@call\",\"maxTries\":null,\"timeout\":null,\"timeoutAt\":null,\"data\":{\"commandName\":\"Illuminate\\\\Notifications\\\\SendQueuedNotifications\",\"command\":\"O:48:\\\"Illuminate\\\\Notifications\\\\SendQueuedNotifications\\\":9:{s:11:\\\"notifiables\\\";O:45:\\\"Illuminate\\\\Contracts\\\\Database\\\\ModelIdentifier\\\":4:{s:5:\\\"class\\\";s:8:\\\"App\\\\User\\\";s:2:\\\"id\\\";i:4;s:9:\\\"relations\\\";a:0:{}s:10:\\\"connection\\\";s:5:\\\"mysql\\\";}s:12:\\\"notification\\\";O:36:\\\"App\\\\Notifications\\\\AuthorPostApproved\\\":8:{s:4:\\\"post\\\";O:45:\\\"Illuminate\\\\Contracts\\\\Database\\\\ModelIdentifier\\\":4:{s:5:\\\"class\\\";s:8:\\\"App\\\\Post\\\";s:2:\\\"id\\\";i:23;s:9:\\\"relations\\\";a:1:{i:0;s:4:\\\"user\\\";}s:10:\\\"connection\\\";s:5:\\\"mysql\\\";}s:2:\\\"id\\\";s:36:\\\"43235429-bed2-45aa-8935-fb53cbaf8c62\\\";s:10:\\\"connection\\\";N;s:5:\\\"queue\\\";N;s:15:\\\"chainConnection\\\";N;s:10:\\\"chainQueue\\\";N;s:5:\\\"delay\\\";N;s:7:\\\"chained\\\";a:0:{}}s:8:\\\"channels\\\";a:1:{i:0;s:4:\\\"mail\\\";}s:10:\\\"connection\\\";N;s:5:\\\"queue\\\";N;s:15:\\\"chainConnection\\\";N;s:10:\\\"chainQueue\\\";N;s:5:\\\"delay\\\";N;s:7:\\\"chained\\\";a:0:{}}\"}}', 0, NULL, 1576508927, 1576508927),
(21, 'default', '{\"displayName\":\"App\\\\Notifications\\\\NewPostNotify\",\"job\":\"Illuminate\\\\Queue\\\\CallQueuedHandler@call\",\"maxTries\":null,\"timeout\":null,\"timeoutAt\":null,\"data\":{\"commandName\":\"Illuminate\\\\Notifications\\\\SendQueuedNotifications\",\"command\":\"O:48:\\\"Illuminate\\\\Notifications\\\\SendQueuedNotifications\\\":9:{s:11:\\\"notifiables\\\";O:44:\\\"Illuminate\\\\Notifications\\\\AnonymousNotifiable\\\":1:{s:6:\\\"routes\\\";a:1:{s:4:\\\"mail\\\";s:20:\\\"auninda123@gmail.com\\\";}}s:12:\\\"notification\\\";O:31:\\\"App\\\\Notifications\\\\NewPostNotify\\\":8:{s:4:\\\"post\\\";O:45:\\\"Illuminate\\\\Contracts\\\\Database\\\\ModelIdentifier\\\":4:{s:5:\\\"class\\\";s:8:\\\"App\\\\Post\\\";s:2:\\\"id\\\";i:23;s:9:\\\"relations\\\";a:1:{i:0;s:4:\\\"user\\\";}s:10:\\\"connection\\\";s:5:\\\"mysql\\\";}s:2:\\\"id\\\";s:36:\\\"16c83644-a1f8-4077-9b60-930c26ec7bb0\\\";s:10:\\\"connection\\\";N;s:5:\\\"queue\\\";N;s:15:\\\"chainConnection\\\";N;s:10:\\\"chainQueue\\\";N;s:5:\\\"delay\\\";N;s:7:\\\"chained\\\";a:0:{}}s:8:\\\"channels\\\";a:1:{i:0;s:4:\\\"mail\\\";}s:10:\\\"connection\\\";N;s:5:\\\"queue\\\";N;s:15:\\\"chainConnection\\\";N;s:10:\\\"chainQueue\\\";N;s:5:\\\"delay\\\";N;s:7:\\\"chained\\\";a:0:{}}\"}}', 0, NULL, 1576508927, 1576508927),
(22, 'default', '{\"displayName\":\"App\\\\Notifications\\\\NewPostNotify\",\"job\":\"Illuminate\\\\Queue\\\\CallQueuedHandler@call\",\"maxTries\":null,\"timeout\":null,\"timeoutAt\":null,\"data\":{\"commandName\":\"Illuminate\\\\Notifications\\\\SendQueuedNotifications\",\"command\":\"O:48:\\\"Illuminate\\\\Notifications\\\\SendQueuedNotifications\\\":9:{s:11:\\\"notifiables\\\";O:44:\\\"Illuminate\\\\Notifications\\\\AnonymousNotifiable\\\":1:{s:6:\\\"routes\\\";a:1:{s:4:\\\"mail\\\";s:19:\\\"victor123@gmail.com\\\";}}s:12:\\\"notification\\\";O:31:\\\"App\\\\Notifications\\\\NewPostNotify\\\":8:{s:4:\\\"post\\\";O:45:\\\"Illuminate\\\\Contracts\\\\Database\\\\ModelIdentifier\\\":4:{s:5:\\\"class\\\";s:8:\\\"App\\\\Post\\\";s:2:\\\"id\\\";i:23;s:9:\\\"relations\\\";a:1:{i:0;s:4:\\\"user\\\";}s:10:\\\"connection\\\";s:5:\\\"mysql\\\";}s:2:\\\"id\\\";s:36:\\\"69e94b33-8a9c-42ca-a074-013761592a29\\\";s:10:\\\"connection\\\";N;s:5:\\\"queue\\\";N;s:15:\\\"chainConnection\\\";N;s:10:\\\"chainQueue\\\";N;s:5:\\\"delay\\\";N;s:7:\\\"chained\\\";a:0:{}}s:8:\\\"channels\\\";a:1:{i:0;s:4:\\\"mail\\\";}s:10:\\\"connection\\\";N;s:5:\\\"queue\\\";N;s:15:\\\"chainConnection\\\";N;s:10:\\\"chainQueue\\\";N;s:5:\\\"delay\\\";N;s:7:\\\"chained\\\";a:0:{}}\"}}', 0, NULL, 1576508927, 1576508927),
(23, 'default', '{\"displayName\":\"App\\\\Notifications\\\\AuthorPostApproved\",\"job\":\"Illuminate\\\\Queue\\\\CallQueuedHandler@call\",\"maxTries\":null,\"timeout\":null,\"timeoutAt\":null,\"data\":{\"commandName\":\"Illuminate\\\\Notifications\\\\SendQueuedNotifications\",\"command\":\"O:48:\\\"Illuminate\\\\Notifications\\\\SendQueuedNotifications\\\":9:{s:11:\\\"notifiables\\\";O:45:\\\"Illuminate\\\\Contracts\\\\Database\\\\ModelIdentifier\\\":4:{s:5:\\\"class\\\";s:8:\\\"App\\\\User\\\";s:2:\\\"id\\\";i:4;s:9:\\\"relations\\\";a:0:{}s:10:\\\"connection\\\";s:5:\\\"mysql\\\";}s:12:\\\"notification\\\";O:36:\\\"App\\\\Notifications\\\\AuthorPostApproved\\\":8:{s:4:\\\"post\\\";O:45:\\\"Illuminate\\\\Contracts\\\\Database\\\\ModelIdentifier\\\":4:{s:5:\\\"class\\\";s:8:\\\"App\\\\Post\\\";s:2:\\\"id\\\";i:24;s:9:\\\"relations\\\";a:1:{i:0;s:4:\\\"user\\\";}s:10:\\\"connection\\\";s:5:\\\"mysql\\\";}s:2:\\\"id\\\";s:36:\\\"8009bb38-1326-4aaa-bc96-31adb9eaed0b\\\";s:10:\\\"connection\\\";N;s:5:\\\"queue\\\";N;s:15:\\\"chainConnection\\\";N;s:10:\\\"chainQueue\\\";N;s:5:\\\"delay\\\";N;s:7:\\\"chained\\\";a:0:{}}s:8:\\\"channels\\\";a:1:{i:0;s:4:\\\"mail\\\";}s:10:\\\"connection\\\";N;s:5:\\\"queue\\\";N;s:15:\\\"chainConnection\\\";N;s:10:\\\"chainQueue\\\";N;s:5:\\\"delay\\\";N;s:7:\\\"chained\\\";a:0:{}}\"}}', 0, NULL, 1576508930, 1576508930),
(24, 'default', '{\"displayName\":\"App\\\\Notifications\\\\NewPostNotify\",\"job\":\"Illuminate\\\\Queue\\\\CallQueuedHandler@call\",\"maxTries\":null,\"timeout\":null,\"timeoutAt\":null,\"data\":{\"commandName\":\"Illuminate\\\\Notifications\\\\SendQueuedNotifications\",\"command\":\"O:48:\\\"Illuminate\\\\Notifications\\\\SendQueuedNotifications\\\":9:{s:11:\\\"notifiables\\\";O:44:\\\"Illuminate\\\\Notifications\\\\AnonymousNotifiable\\\":1:{s:6:\\\"routes\\\";a:1:{s:4:\\\"mail\\\";s:20:\\\"auninda123@gmail.com\\\";}}s:12:\\\"notification\\\";O:31:\\\"App\\\\Notifications\\\\NewPostNotify\\\":8:{s:4:\\\"post\\\";O:45:\\\"Illuminate\\\\Contracts\\\\Database\\\\ModelIdentifier\\\":4:{s:5:\\\"class\\\";s:8:\\\"App\\\\Post\\\";s:2:\\\"id\\\";i:24;s:9:\\\"relations\\\";a:1:{i:0;s:4:\\\"user\\\";}s:10:\\\"connection\\\";s:5:\\\"mysql\\\";}s:2:\\\"id\\\";s:36:\\\"31362e6f-5ab1-41b4-bfa8-f4c0ceb11a5e\\\";s:10:\\\"connection\\\";N;s:5:\\\"queue\\\";N;s:15:\\\"chainConnection\\\";N;s:10:\\\"chainQueue\\\";N;s:5:\\\"delay\\\";N;s:7:\\\"chained\\\";a:0:{}}s:8:\\\"channels\\\";a:1:{i:0;s:4:\\\"mail\\\";}s:10:\\\"connection\\\";N;s:5:\\\"queue\\\";N;s:15:\\\"chainConnection\\\";N;s:10:\\\"chainQueue\\\";N;s:5:\\\"delay\\\";N;s:7:\\\"chained\\\";a:0:{}}\"}}', 0, NULL, 1576508930, 1576508930),
(25, 'default', '{\"displayName\":\"App\\\\Notifications\\\\NewPostNotify\",\"job\":\"Illuminate\\\\Queue\\\\CallQueuedHandler@call\",\"maxTries\":null,\"timeout\":null,\"timeoutAt\":null,\"data\":{\"commandName\":\"Illuminate\\\\Notifications\\\\SendQueuedNotifications\",\"command\":\"O:48:\\\"Illuminate\\\\Notifications\\\\SendQueuedNotifications\\\":9:{s:11:\\\"notifiables\\\";O:44:\\\"Illuminate\\\\Notifications\\\\AnonymousNotifiable\\\":1:{s:6:\\\"routes\\\";a:1:{s:4:\\\"mail\\\";s:19:\\\"victor123@gmail.com\\\";}}s:12:\\\"notification\\\";O:31:\\\"App\\\\Notifications\\\\NewPostNotify\\\":8:{s:4:\\\"post\\\";O:45:\\\"Illuminate\\\\Contracts\\\\Database\\\\ModelIdentifier\\\":4:{s:5:\\\"class\\\";s:8:\\\"App\\\\Post\\\";s:2:\\\"id\\\";i:24;s:9:\\\"relations\\\";a:1:{i:0;s:4:\\\"user\\\";}s:10:\\\"connection\\\";s:5:\\\"mysql\\\";}s:2:\\\"id\\\";s:36:\\\"a9a26577-12cd-4280-95ef-095345019329\\\";s:10:\\\"connection\\\";N;s:5:\\\"queue\\\";N;s:15:\\\"chainConnection\\\";N;s:10:\\\"chainQueue\\\";N;s:5:\\\"delay\\\";N;s:7:\\\"chained\\\";a:0:{}}s:8:\\\"channels\\\";a:1:{i:0;s:4:\\\"mail\\\";}s:10:\\\"connection\\\";N;s:5:\\\"queue\\\";N;s:15:\\\"chainConnection\\\";N;s:10:\\\"chainQueue\\\";N;s:5:\\\"delay\\\";N;s:7:\\\"chained\\\";a:0:{}}\"}}', 0, NULL, 1576508930, 1576508930),
(26, 'default', '{\"displayName\":\"App\\\\Notifications\\\\AuthorPostApproved\",\"job\":\"Illuminate\\\\Queue\\\\CallQueuedHandler@call\",\"maxTries\":null,\"timeout\":null,\"timeoutAt\":null,\"data\":{\"commandName\":\"Illuminate\\\\Notifications\\\\SendQueuedNotifications\",\"command\":\"O:48:\\\"Illuminate\\\\Notifications\\\\SendQueuedNotifications\\\":9:{s:11:\\\"notifiables\\\";O:45:\\\"Illuminate\\\\Contracts\\\\Database\\\\ModelIdentifier\\\":4:{s:5:\\\"class\\\";s:8:\\\"App\\\\User\\\";s:2:\\\"id\\\";i:4;s:9:\\\"relations\\\";a:0:{}s:10:\\\"connection\\\";s:5:\\\"mysql\\\";}s:12:\\\"notification\\\";O:36:\\\"App\\\\Notifications\\\\AuthorPostApproved\\\":8:{s:4:\\\"post\\\";O:45:\\\"Illuminate\\\\Contracts\\\\Database\\\\ModelIdentifier\\\":4:{s:5:\\\"class\\\";s:8:\\\"App\\\\Post\\\";s:2:\\\"id\\\";i:25;s:9:\\\"relations\\\";a:1:{i:0;s:4:\\\"user\\\";}s:10:\\\"connection\\\";s:5:\\\"mysql\\\";}s:2:\\\"id\\\";s:36:\\\"827383b7-cb08-4208-84ba-78f67c87261a\\\";s:10:\\\"connection\\\";N;s:5:\\\"queue\\\";N;s:15:\\\"chainConnection\\\";N;s:10:\\\"chainQueue\\\";N;s:5:\\\"delay\\\";N;s:7:\\\"chained\\\";a:0:{}}s:8:\\\"channels\\\";a:1:{i:0;s:4:\\\"mail\\\";}s:10:\\\"connection\\\";N;s:5:\\\"queue\\\";N;s:15:\\\"chainConnection\\\";N;s:10:\\\"chainQueue\\\";N;s:5:\\\"delay\\\";N;s:7:\\\"chained\\\";a:0:{}}\"}}', 0, NULL, 1576508934, 1576508934),
(27, 'default', '{\"displayName\":\"App\\\\Notifications\\\\NewPostNotify\",\"job\":\"Illuminate\\\\Queue\\\\CallQueuedHandler@call\",\"maxTries\":null,\"timeout\":null,\"timeoutAt\":null,\"data\":{\"commandName\":\"Illuminate\\\\Notifications\\\\SendQueuedNotifications\",\"command\":\"O:48:\\\"Illuminate\\\\Notifications\\\\SendQueuedNotifications\\\":9:{s:11:\\\"notifiables\\\";O:44:\\\"Illuminate\\\\Notifications\\\\AnonymousNotifiable\\\":1:{s:6:\\\"routes\\\";a:1:{s:4:\\\"mail\\\";s:20:\\\"auninda123@gmail.com\\\";}}s:12:\\\"notification\\\";O:31:\\\"App\\\\Notifications\\\\NewPostNotify\\\":8:{s:4:\\\"post\\\";O:45:\\\"Illuminate\\\\Contracts\\\\Database\\\\ModelIdentifier\\\":4:{s:5:\\\"class\\\";s:8:\\\"App\\\\Post\\\";s:2:\\\"id\\\";i:25;s:9:\\\"relations\\\";a:1:{i:0;s:4:\\\"user\\\";}s:10:\\\"connection\\\";s:5:\\\"mysql\\\";}s:2:\\\"id\\\";s:36:\\\"c6c590bf-8043-4aee-af7e-cb6d5d9a88e7\\\";s:10:\\\"connection\\\";N;s:5:\\\"queue\\\";N;s:15:\\\"chainConnection\\\";N;s:10:\\\"chainQueue\\\";N;s:5:\\\"delay\\\";N;s:7:\\\"chained\\\";a:0:{}}s:8:\\\"channels\\\";a:1:{i:0;s:4:\\\"mail\\\";}s:10:\\\"connection\\\";N;s:5:\\\"queue\\\";N;s:15:\\\"chainConnection\\\";N;s:10:\\\"chainQueue\\\";N;s:5:\\\"delay\\\";N;s:7:\\\"chained\\\";a:0:{}}\"}}', 0, NULL, 1576508934, 1576508934),
(28, 'default', '{\"displayName\":\"App\\\\Notifications\\\\NewPostNotify\",\"job\":\"Illuminate\\\\Queue\\\\CallQueuedHandler@call\",\"maxTries\":null,\"timeout\":null,\"timeoutAt\":null,\"data\":{\"commandName\":\"Illuminate\\\\Notifications\\\\SendQueuedNotifications\",\"command\":\"O:48:\\\"Illuminate\\\\Notifications\\\\SendQueuedNotifications\\\":9:{s:11:\\\"notifiables\\\";O:44:\\\"Illuminate\\\\Notifications\\\\AnonymousNotifiable\\\":1:{s:6:\\\"routes\\\";a:1:{s:4:\\\"mail\\\";s:19:\\\"victor123@gmail.com\\\";}}s:12:\\\"notification\\\";O:31:\\\"App\\\\Notifications\\\\NewPostNotify\\\":8:{s:4:\\\"post\\\";O:45:\\\"Illuminate\\\\Contracts\\\\Database\\\\ModelIdentifier\\\":4:{s:5:\\\"class\\\";s:8:\\\"App\\\\Post\\\";s:2:\\\"id\\\";i:25;s:9:\\\"relations\\\";a:1:{i:0;s:4:\\\"user\\\";}s:10:\\\"connection\\\";s:5:\\\"mysql\\\";}s:2:\\\"id\\\";s:36:\\\"b9bcf4fc-3a22-45ad-87ac-bb081051e490\\\";s:10:\\\"connection\\\";N;s:5:\\\"queue\\\";N;s:15:\\\"chainConnection\\\";N;s:10:\\\"chainQueue\\\";N;s:5:\\\"delay\\\";N;s:7:\\\"chained\\\";a:0:{}}s:8:\\\"channels\\\";a:1:{i:0;s:4:\\\"mail\\\";}s:10:\\\"connection\\\";N;s:5:\\\"queue\\\";N;s:15:\\\"chainConnection\\\";N;s:10:\\\"chainQueue\\\";N;s:5:\\\"delay\\\";N;s:7:\\\"chained\\\";a:0:{}}\"}}', 0, NULL, 1576508934, 1576508934),
(29, 'default', '{\"displayName\":\"App\\\\Notifications\\\\NewAuthorPost\",\"job\":\"Illuminate\\\\Queue\\\\CallQueuedHandler@call\",\"maxTries\":null,\"timeout\":null,\"timeoutAt\":null,\"data\":{\"commandName\":\"Illuminate\\\\Notifications\\\\SendQueuedNotifications\",\"command\":\"O:48:\\\"Illuminate\\\\Notifications\\\\SendQueuedNotifications\\\":9:{s:11:\\\"notifiables\\\";O:45:\\\"Illuminate\\\\Contracts\\\\Database\\\\ModelIdentifier\\\":4:{s:5:\\\"class\\\";s:8:\\\"App\\\\User\\\";s:2:\\\"id\\\";i:1;s:9:\\\"relations\\\";a:0:{}s:10:\\\"connection\\\";s:5:\\\"mysql\\\";}s:12:\\\"notification\\\";O:31:\\\"App\\\\Notifications\\\\NewAuthorPost\\\":8:{s:4:\\\"post\\\";O:45:\\\"Illuminate\\\\Contracts\\\\Database\\\\ModelIdentifier\\\":4:{s:5:\\\"class\\\";s:8:\\\"App\\\\Post\\\";s:2:\\\"id\\\";i:27;s:9:\\\"relations\\\";a:0:{}s:10:\\\"connection\\\";s:5:\\\"mysql\\\";}s:2:\\\"id\\\";s:36:\\\"1b1bf45b-995f-4fd8-985b-847d6010fca8\\\";s:10:\\\"connection\\\";N;s:5:\\\"queue\\\";N;s:15:\\\"chainConnection\\\";N;s:10:\\\"chainQueue\\\";N;s:5:\\\"delay\\\";N;s:7:\\\"chained\\\";a:0:{}}s:8:\\\"channels\\\";a:1:{i:0;s:4:\\\"mail\\\";}s:10:\\\"connection\\\";N;s:5:\\\"queue\\\";N;s:15:\\\"chainConnection\\\";N;s:10:\\\"chainQueue\\\";N;s:5:\\\"delay\\\";N;s:7:\\\"chained\\\";a:0:{}}\"}}', 0, NULL, 1576510515, 1576510515),
(30, 'default', '{\"displayName\":\"App\\\\Notifications\\\\NewAuthorPost\",\"job\":\"Illuminate\\\\Queue\\\\CallQueuedHandler@call\",\"maxTries\":null,\"timeout\":null,\"timeoutAt\":null,\"data\":{\"commandName\":\"Illuminate\\\\Notifications\\\\SendQueuedNotifications\",\"command\":\"O:48:\\\"Illuminate\\\\Notifications\\\\SendQueuedNotifications\\\":9:{s:11:\\\"notifiables\\\";O:45:\\\"Illuminate\\\\Contracts\\\\Database\\\\ModelIdentifier\\\":4:{s:5:\\\"class\\\";s:8:\\\"App\\\\User\\\";s:2:\\\"id\\\";i:1;s:9:\\\"relations\\\";a:0:{}s:10:\\\"connection\\\";s:5:\\\"mysql\\\";}s:12:\\\"notification\\\";O:31:\\\"App\\\\Notifications\\\\NewAuthorPost\\\":8:{s:4:\\\"post\\\";O:45:\\\"Illuminate\\\\Contracts\\\\Database\\\\ModelIdentifier\\\":4:{s:5:\\\"class\\\";s:8:\\\"App\\\\Post\\\";s:2:\\\"id\\\";i:28;s:9:\\\"relations\\\";a:0:{}s:10:\\\"connection\\\";s:5:\\\"mysql\\\";}s:2:\\\"id\\\";s:36:\\\"64dcecd8-3ce6-4fa6-9ed1-8e2dda7a9984\\\";s:10:\\\"connection\\\";N;s:5:\\\"queue\\\";N;s:15:\\\"chainConnection\\\";N;s:10:\\\"chainQueue\\\";N;s:5:\\\"delay\\\";N;s:7:\\\"chained\\\";a:0:{}}s:8:\\\"channels\\\";a:1:{i:0;s:4:\\\"mail\\\";}s:10:\\\"connection\\\";N;s:5:\\\"queue\\\";N;s:15:\\\"chainConnection\\\";N;s:10:\\\"chainQueue\\\";N;s:5:\\\"delay\\\";N;s:7:\\\"chained\\\";a:0:{}}\"}}', 0, NULL, 1576510599, 1576510599),
(31, 'default', '{\"displayName\":\"App\\\\Notifications\\\\NewAuthorPost\",\"job\":\"Illuminate\\\\Queue\\\\CallQueuedHandler@call\",\"maxTries\":null,\"timeout\":null,\"timeoutAt\":null,\"data\":{\"commandName\":\"Illuminate\\\\Notifications\\\\SendQueuedNotifications\",\"command\":\"O:48:\\\"Illuminate\\\\Notifications\\\\SendQueuedNotifications\\\":9:{s:11:\\\"notifiables\\\";O:45:\\\"Illuminate\\\\Contracts\\\\Database\\\\ModelIdentifier\\\":4:{s:5:\\\"class\\\";s:8:\\\"App\\\\User\\\";s:2:\\\"id\\\";i:1;s:9:\\\"relations\\\";a:0:{}s:10:\\\"connection\\\";s:5:\\\"mysql\\\";}s:12:\\\"notification\\\";O:31:\\\"App\\\\Notifications\\\\NewAuthorPost\\\":8:{s:4:\\\"post\\\";O:45:\\\"Illuminate\\\\Contracts\\\\Database\\\\ModelIdentifier\\\":4:{s:5:\\\"class\\\";s:8:\\\"App\\\\Post\\\";s:2:\\\"id\\\";i:29;s:9:\\\"relations\\\";a:0:{}s:10:\\\"connection\\\";s:5:\\\"mysql\\\";}s:2:\\\"id\\\";s:36:\\\"8e95ce96-ea19-4061-8a28-c8bdd13197c4\\\";s:10:\\\"connection\\\";N;s:5:\\\"queue\\\";N;s:15:\\\"chainConnection\\\";N;s:10:\\\"chainQueue\\\";N;s:5:\\\"delay\\\";N;s:7:\\\"chained\\\";a:0:{}}s:8:\\\"channels\\\";a:1:{i:0;s:4:\\\"mail\\\";}s:10:\\\"connection\\\";N;s:5:\\\"queue\\\";N;s:15:\\\"chainConnection\\\";N;s:10:\\\"chainQueue\\\";N;s:5:\\\"delay\\\";N;s:7:\\\"chained\\\";a:0:{}}\"}}', 0, NULL, 1576510695, 1576510695),
(32, 'default', '{\"displayName\":\"App\\\\Notifications\\\\AuthorPostApproved\",\"job\":\"Illuminate\\\\Queue\\\\CallQueuedHandler@call\",\"maxTries\":null,\"timeout\":null,\"timeoutAt\":null,\"data\":{\"commandName\":\"Illuminate\\\\Notifications\\\\SendQueuedNotifications\",\"command\":\"O:48:\\\"Illuminate\\\\Notifications\\\\SendQueuedNotifications\\\":9:{s:11:\\\"notifiables\\\";O:45:\\\"Illuminate\\\\Contracts\\\\Database\\\\ModelIdentifier\\\":4:{s:5:\\\"class\\\";s:8:\\\"App\\\\User\\\";s:2:\\\"id\\\";i:5;s:9:\\\"relations\\\";a:0:{}s:10:\\\"connection\\\";s:5:\\\"mysql\\\";}s:12:\\\"notification\\\";O:36:\\\"App\\\\Notifications\\\\AuthorPostApproved\\\":8:{s:4:\\\"post\\\";O:45:\\\"Illuminate\\\\Contracts\\\\Database\\\\ModelIdentifier\\\":4:{s:5:\\\"class\\\";s:8:\\\"App\\\\Post\\\";s:2:\\\"id\\\";i:29;s:9:\\\"relations\\\";a:1:{i:0;s:4:\\\"user\\\";}s:10:\\\"connection\\\";s:5:\\\"mysql\\\";}s:2:\\\"id\\\";s:36:\\\"5d3953b0-1567-4705-bfed-194911b2487e\\\";s:10:\\\"connection\\\";N;s:5:\\\"queue\\\";N;s:15:\\\"chainConnection\\\";N;s:10:\\\"chainQueue\\\";N;s:5:\\\"delay\\\";N;s:7:\\\"chained\\\";a:0:{}}s:8:\\\"channels\\\";a:1:{i:0;s:4:\\\"mail\\\";}s:10:\\\"connection\\\";N;s:5:\\\"queue\\\";N;s:15:\\\"chainConnection\\\";N;s:10:\\\"chainQueue\\\";N;s:5:\\\"delay\\\";N;s:7:\\\"chained\\\";a:0:{}}\"}}', 0, NULL, 1576510755, 1576510755),
(33, 'default', '{\"displayName\":\"App\\\\Notifications\\\\NewPostNotify\",\"job\":\"Illuminate\\\\Queue\\\\CallQueuedHandler@call\",\"maxTries\":null,\"timeout\":null,\"timeoutAt\":null,\"data\":{\"commandName\":\"Illuminate\\\\Notifications\\\\SendQueuedNotifications\",\"command\":\"O:48:\\\"Illuminate\\\\Notifications\\\\SendQueuedNotifications\\\":9:{s:11:\\\"notifiables\\\";O:44:\\\"Illuminate\\\\Notifications\\\\AnonymousNotifiable\\\":1:{s:6:\\\"routes\\\";a:1:{s:4:\\\"mail\\\";s:20:\\\"auninda123@gmail.com\\\";}}s:12:\\\"notification\\\";O:31:\\\"App\\\\Notifications\\\\NewPostNotify\\\":8:{s:4:\\\"post\\\";O:45:\\\"Illuminate\\\\Contracts\\\\Database\\\\ModelIdentifier\\\":4:{s:5:\\\"class\\\";s:8:\\\"App\\\\Post\\\";s:2:\\\"id\\\";i:29;s:9:\\\"relations\\\";a:1:{i:0;s:4:\\\"user\\\";}s:10:\\\"connection\\\";s:5:\\\"mysql\\\";}s:2:\\\"id\\\";s:36:\\\"472f34f1-db93-482b-a196-e9a9702d7525\\\";s:10:\\\"connection\\\";N;s:5:\\\"queue\\\";N;s:15:\\\"chainConnection\\\";N;s:10:\\\"chainQueue\\\";N;s:5:\\\"delay\\\";N;s:7:\\\"chained\\\";a:0:{}}s:8:\\\"channels\\\";a:1:{i:0;s:4:\\\"mail\\\";}s:10:\\\"connection\\\";N;s:5:\\\"queue\\\";N;s:15:\\\"chainConnection\\\";N;s:10:\\\"chainQueue\\\";N;s:5:\\\"delay\\\";N;s:7:\\\"chained\\\";a:0:{}}\"}}', 0, NULL, 1576510755, 1576510755),
(34, 'default', '{\"displayName\":\"App\\\\Notifications\\\\NewPostNotify\",\"job\":\"Illuminate\\\\Queue\\\\CallQueuedHandler@call\",\"maxTries\":null,\"timeout\":null,\"timeoutAt\":null,\"data\":{\"commandName\":\"Illuminate\\\\Notifications\\\\SendQueuedNotifications\",\"command\":\"O:48:\\\"Illuminate\\\\Notifications\\\\SendQueuedNotifications\\\":9:{s:11:\\\"notifiables\\\";O:44:\\\"Illuminate\\\\Notifications\\\\AnonymousNotifiable\\\":1:{s:6:\\\"routes\\\";a:1:{s:4:\\\"mail\\\";s:19:\\\"victor123@gmail.com\\\";}}s:12:\\\"notification\\\";O:31:\\\"App\\\\Notifications\\\\NewPostNotify\\\":8:{s:4:\\\"post\\\";O:45:\\\"Illuminate\\\\Contracts\\\\Database\\\\ModelIdentifier\\\":4:{s:5:\\\"class\\\";s:8:\\\"App\\\\Post\\\";s:2:\\\"id\\\";i:29;s:9:\\\"relations\\\";a:1:{i:0;s:4:\\\"user\\\";}s:10:\\\"connection\\\";s:5:\\\"mysql\\\";}s:2:\\\"id\\\";s:36:\\\"9f910372-0a9b-4126-824b-2aef800f16d4\\\";s:10:\\\"connection\\\";N;s:5:\\\"queue\\\";N;s:15:\\\"chainConnection\\\";N;s:10:\\\"chainQueue\\\";N;s:5:\\\"delay\\\";N;s:7:\\\"chained\\\";a:0:{}}s:8:\\\"channels\\\";a:1:{i:0;s:4:\\\"mail\\\";}s:10:\\\"connection\\\";N;s:5:\\\"queue\\\";N;s:15:\\\"chainConnection\\\";N;s:10:\\\"chainQueue\\\";N;s:5:\\\"delay\\\";N;s:7:\\\"chained\\\";a:0:{}}\"}}', 0, NULL, 1576510755, 1576510755),
(35, 'default', '{\"displayName\":\"App\\\\Notifications\\\\AuthorPostApproved\",\"job\":\"Illuminate\\\\Queue\\\\CallQueuedHandler@call\",\"maxTries\":null,\"timeout\":null,\"timeoutAt\":null,\"data\":{\"commandName\":\"Illuminate\\\\Notifications\\\\SendQueuedNotifications\",\"command\":\"O:48:\\\"Illuminate\\\\Notifications\\\\SendQueuedNotifications\\\":9:{s:11:\\\"notifiables\\\";O:45:\\\"Illuminate\\\\Contracts\\\\Database\\\\ModelIdentifier\\\":4:{s:5:\\\"class\\\";s:8:\\\"App\\\\User\\\";s:2:\\\"id\\\";i:5;s:9:\\\"relations\\\";a:0:{}s:10:\\\"connection\\\";s:5:\\\"mysql\\\";}s:12:\\\"notification\\\";O:36:\\\"App\\\\Notifications\\\\AuthorPostApproved\\\":8:{s:4:\\\"post\\\";O:45:\\\"Illuminate\\\\Contracts\\\\Database\\\\ModelIdentifier\\\":4:{s:5:\\\"class\\\";s:8:\\\"App\\\\Post\\\";s:2:\\\"id\\\";i:28;s:9:\\\"relations\\\";a:1:{i:0;s:4:\\\"user\\\";}s:10:\\\"connection\\\";s:5:\\\"mysql\\\";}s:2:\\\"id\\\";s:36:\\\"5bfa56e6-a959-4d92-8ba5-e5999653f542\\\";s:10:\\\"connection\\\";N;s:5:\\\"queue\\\";N;s:15:\\\"chainConnection\\\";N;s:10:\\\"chainQueue\\\";N;s:5:\\\"delay\\\";N;s:7:\\\"chained\\\";a:0:{}}s:8:\\\"channels\\\";a:1:{i:0;s:4:\\\"mail\\\";}s:10:\\\"connection\\\";N;s:5:\\\"queue\\\";N;s:15:\\\"chainConnection\\\";N;s:10:\\\"chainQueue\\\";N;s:5:\\\"delay\\\";N;s:7:\\\"chained\\\";a:0:{}}\"}}', 0, NULL, 1576510757, 1576510757),
(36, 'default', '{\"displayName\":\"App\\\\Notifications\\\\NewPostNotify\",\"job\":\"Illuminate\\\\Queue\\\\CallQueuedHandler@call\",\"maxTries\":null,\"timeout\":null,\"timeoutAt\":null,\"data\":{\"commandName\":\"Illuminate\\\\Notifications\\\\SendQueuedNotifications\",\"command\":\"O:48:\\\"Illuminate\\\\Notifications\\\\SendQueuedNotifications\\\":9:{s:11:\\\"notifiables\\\";O:44:\\\"Illuminate\\\\Notifications\\\\AnonymousNotifiable\\\":1:{s:6:\\\"routes\\\";a:1:{s:4:\\\"mail\\\";s:20:\\\"auninda123@gmail.com\\\";}}s:12:\\\"notification\\\";O:31:\\\"App\\\\Notifications\\\\NewPostNotify\\\":8:{s:4:\\\"post\\\";O:45:\\\"Illuminate\\\\Contracts\\\\Database\\\\ModelIdentifier\\\":4:{s:5:\\\"class\\\";s:8:\\\"App\\\\Post\\\";s:2:\\\"id\\\";i:28;s:9:\\\"relations\\\";a:1:{i:0;s:4:\\\"user\\\";}s:10:\\\"connection\\\";s:5:\\\"mysql\\\";}s:2:\\\"id\\\";s:36:\\\"63e35c48-65a2-4260-ac24-c9c7ba4372e6\\\";s:10:\\\"connection\\\";N;s:5:\\\"queue\\\";N;s:15:\\\"chainConnection\\\";N;s:10:\\\"chainQueue\\\";N;s:5:\\\"delay\\\";N;s:7:\\\"chained\\\";a:0:{}}s:8:\\\"channels\\\";a:1:{i:0;s:4:\\\"mail\\\";}s:10:\\\"connection\\\";N;s:5:\\\"queue\\\";N;s:15:\\\"chainConnection\\\";N;s:10:\\\"chainQueue\\\";N;s:5:\\\"delay\\\";N;s:7:\\\"chained\\\";a:0:{}}\"}}', 0, NULL, 1576510757, 1576510757),
(37, 'default', '{\"displayName\":\"App\\\\Notifications\\\\NewPostNotify\",\"job\":\"Illuminate\\\\Queue\\\\CallQueuedHandler@call\",\"maxTries\":null,\"timeout\":null,\"timeoutAt\":null,\"data\":{\"commandName\":\"Illuminate\\\\Notifications\\\\SendQueuedNotifications\",\"command\":\"O:48:\\\"Illuminate\\\\Notifications\\\\SendQueuedNotifications\\\":9:{s:11:\\\"notifiables\\\";O:44:\\\"Illuminate\\\\Notifications\\\\AnonymousNotifiable\\\":1:{s:6:\\\"routes\\\";a:1:{s:4:\\\"mail\\\";s:19:\\\"victor123@gmail.com\\\";}}s:12:\\\"notification\\\";O:31:\\\"App\\\\Notifications\\\\NewPostNotify\\\":8:{s:4:\\\"post\\\";O:45:\\\"Illuminate\\\\Contracts\\\\Database\\\\ModelIdentifier\\\":4:{s:5:\\\"class\\\";s:8:\\\"App\\\\Post\\\";s:2:\\\"id\\\";i:28;s:9:\\\"relations\\\";a:1:{i:0;s:4:\\\"user\\\";}s:10:\\\"connection\\\";s:5:\\\"mysql\\\";}s:2:\\\"id\\\";s:36:\\\"a9b32f11-fce4-45ee-afb1-ba33046f01a0\\\";s:10:\\\"connection\\\";N;s:5:\\\"queue\\\";N;s:15:\\\"chainConnection\\\";N;s:10:\\\"chainQueue\\\";N;s:5:\\\"delay\\\";N;s:7:\\\"chained\\\";a:0:{}}s:8:\\\"channels\\\";a:1:{i:0;s:4:\\\"mail\\\";}s:10:\\\"connection\\\";N;s:5:\\\"queue\\\";N;s:15:\\\"chainConnection\\\";N;s:10:\\\"chainQueue\\\";N;s:5:\\\"delay\\\";N;s:7:\\\"chained\\\";a:0:{}}\"}}', 0, NULL, 1576510757, 1576510757),
(38, 'default', '{\"displayName\":\"App\\\\Notifications\\\\AuthorPostApproved\",\"job\":\"Illuminate\\\\Queue\\\\CallQueuedHandler@call\",\"maxTries\":null,\"timeout\":null,\"timeoutAt\":null,\"data\":{\"commandName\":\"Illuminate\\\\Notifications\\\\SendQueuedNotifications\",\"command\":\"O:48:\\\"Illuminate\\\\Notifications\\\\SendQueuedNotifications\\\":9:{s:11:\\\"notifiables\\\";O:45:\\\"Illuminate\\\\Contracts\\\\Database\\\\ModelIdentifier\\\":4:{s:5:\\\"class\\\";s:8:\\\"App\\\\User\\\";s:2:\\\"id\\\";i:5;s:9:\\\"relations\\\";a:0:{}s:10:\\\"connection\\\";s:5:\\\"mysql\\\";}s:12:\\\"notification\\\";O:36:\\\"App\\\\Notifications\\\\AuthorPostApproved\\\":8:{s:4:\\\"post\\\";O:45:\\\"Illuminate\\\\Contracts\\\\Database\\\\ModelIdentifier\\\":4:{s:5:\\\"class\\\";s:8:\\\"App\\\\Post\\\";s:2:\\\"id\\\";i:27;s:9:\\\"relations\\\";a:1:{i:0;s:4:\\\"user\\\";}s:10:\\\"connection\\\";s:5:\\\"mysql\\\";}s:2:\\\"id\\\";s:36:\\\"e7fe3f93-0cef-450f-8c2a-34847d1a64f0\\\";s:10:\\\"connection\\\";N;s:5:\\\"queue\\\";N;s:15:\\\"chainConnection\\\";N;s:10:\\\"chainQueue\\\";N;s:5:\\\"delay\\\";N;s:7:\\\"chained\\\";a:0:{}}s:8:\\\"channels\\\";a:1:{i:0;s:4:\\\"mail\\\";}s:10:\\\"connection\\\";N;s:5:\\\"queue\\\";N;s:15:\\\"chainConnection\\\";N;s:10:\\\"chainQueue\\\";N;s:5:\\\"delay\\\";N;s:7:\\\"chained\\\";a:0:{}}\"}}', 0, NULL, 1576510759, 1576510759),
(39, 'default', '{\"displayName\":\"App\\\\Notifications\\\\NewPostNotify\",\"job\":\"Illuminate\\\\Queue\\\\CallQueuedHandler@call\",\"maxTries\":null,\"timeout\":null,\"timeoutAt\":null,\"data\":{\"commandName\":\"Illuminate\\\\Notifications\\\\SendQueuedNotifications\",\"command\":\"O:48:\\\"Illuminate\\\\Notifications\\\\SendQueuedNotifications\\\":9:{s:11:\\\"notifiables\\\";O:44:\\\"Illuminate\\\\Notifications\\\\AnonymousNotifiable\\\":1:{s:6:\\\"routes\\\";a:1:{s:4:\\\"mail\\\";s:20:\\\"auninda123@gmail.com\\\";}}s:12:\\\"notification\\\";O:31:\\\"App\\\\Notifications\\\\NewPostNotify\\\":8:{s:4:\\\"post\\\";O:45:\\\"Illuminate\\\\Contracts\\\\Database\\\\ModelIdentifier\\\":4:{s:5:\\\"class\\\";s:8:\\\"App\\\\Post\\\";s:2:\\\"id\\\";i:27;s:9:\\\"relations\\\";a:1:{i:0;s:4:\\\"user\\\";}s:10:\\\"connection\\\";s:5:\\\"mysql\\\";}s:2:\\\"id\\\";s:36:\\\"3487fdf7-cea0-40d4-a562-4472c0320da3\\\";s:10:\\\"connection\\\";N;s:5:\\\"queue\\\";N;s:15:\\\"chainConnection\\\";N;s:10:\\\"chainQueue\\\";N;s:5:\\\"delay\\\";N;s:7:\\\"chained\\\";a:0:{}}s:8:\\\"channels\\\";a:1:{i:0;s:4:\\\"mail\\\";}s:10:\\\"connection\\\";N;s:5:\\\"queue\\\";N;s:15:\\\"chainConnection\\\";N;s:10:\\\"chainQueue\\\";N;s:5:\\\"delay\\\";N;s:7:\\\"chained\\\";a:0:{}}\"}}', 0, NULL, 1576510759, 1576510759),
(40, 'default', '{\"displayName\":\"App\\\\Notifications\\\\NewPostNotify\",\"job\":\"Illuminate\\\\Queue\\\\CallQueuedHandler@call\",\"maxTries\":null,\"timeout\":null,\"timeoutAt\":null,\"data\":{\"commandName\":\"Illuminate\\\\Notifications\\\\SendQueuedNotifications\",\"command\":\"O:48:\\\"Illuminate\\\\Notifications\\\\SendQueuedNotifications\\\":9:{s:11:\\\"notifiables\\\";O:44:\\\"Illuminate\\\\Notifications\\\\AnonymousNotifiable\\\":1:{s:6:\\\"routes\\\";a:1:{s:4:\\\"mail\\\";s:19:\\\"victor123@gmail.com\\\";}}s:12:\\\"notification\\\";O:31:\\\"App\\\\Notifications\\\\NewPostNotify\\\":8:{s:4:\\\"post\\\";O:45:\\\"Illuminate\\\\Contracts\\\\Database\\\\ModelIdentifier\\\":4:{s:5:\\\"class\\\";s:8:\\\"App\\\\Post\\\";s:2:\\\"id\\\";i:27;s:9:\\\"relations\\\";a:1:{i:0;s:4:\\\"user\\\";}s:10:\\\"connection\\\";s:5:\\\"mysql\\\";}s:2:\\\"id\\\";s:36:\\\"bd6c18a2-857c-46f8-8b57-03df2649fc2d\\\";s:10:\\\"connection\\\";N;s:5:\\\"queue\\\";N;s:15:\\\"chainConnection\\\";N;s:10:\\\"chainQueue\\\";N;s:5:\\\"delay\\\";N;s:7:\\\"chained\\\";a:0:{}}s:8:\\\"channels\\\";a:1:{i:0;s:4:\\\"mail\\\";}s:10:\\\"connection\\\";N;s:5:\\\"queue\\\";N;s:15:\\\"chainConnection\\\";N;s:10:\\\"chainQueue\\\";N;s:5:\\\"delay\\\";N;s:7:\\\"chained\\\";a:0:{}}\"}}', 0, NULL, 1576510759, 1576510759);

-- --------------------------------------------------------

--
-- Table structure for table `migrations`
--

CREATE TABLE `migrations` (
  `id` int(10) UNSIGNED NOT NULL,
  `migration` varchar(255) COLLATE utf8mb4_unicode_ci NOT NULL,
  `batch` int(11) NOT NULL
) ENGINE=InnoDB DEFAULT CHARSET=utf8mb4 COLLATE=utf8mb4_unicode_ci;

--
-- Dumping data for table `migrations`
--

INSERT INTO `migrations` (`id`, `migration`, `batch`) VALUES
(1, '2014_10_12_000000_create_users_table', 1),
(2, '2014_10_12_100000_create_password_resets_table', 1),
(3, '2019_12_13_073901_create_roles_table', 1),
(4, '2019_12_13_173536_create_tags_table', 2),
(5, '2019_12_13_174327_create_tags_table', 3),
(6, '2019_12_13_204503_create_categories_table', 4),
(7, '2019_12_14_052115_create_posts_table', 5),
(8, '2019_12_14_052334_create_category_post_table', 5),
(9, '2019_12_14_052409_create_post_tag_table', 5),
(10, '2019_12_14_171059_create_subscribers_table', 6),
(11, '2019_12_14_193925_create_jobs_table', 7),
(12, '2019_12_15_101726_create_post_user_table', 8),
(13, '2019_12_15_133616_create_comments_table', 9);

-- --------------------------------------------------------

--
-- Table structure for table `password_resets`
--

CREATE TABLE `password_resets` (
  `email` varchar(255) COLLATE utf8mb4_unicode_ci NOT NULL,
  `token` varchar(255) COLLATE utf8mb4_unicode_ci NOT NULL,
  `created_at` timestamp NULL DEFAULT NULL
) ENGINE=InnoDB DEFAULT CHARSET=utf8mb4 COLLATE=utf8mb4_unicode_ci;

-- --------------------------------------------------------

--
-- Table structure for table `posts`
--

CREATE TABLE `posts` (
  `id` int(10) UNSIGNED NOT NULL,
  `user_id` int(10) UNSIGNED NOT NULL,
  `title` varchar(255) COLLATE utf8mb4_unicode_ci NOT NULL,
  `slug` varchar(255) COLLATE utf8mb4_unicode_ci NOT NULL,
  `image` varchar(255) COLLATE utf8mb4_unicode_ci NOT NULL DEFAULT 'default.png',
  `body` text COLLATE utf8mb4_unicode_ci NOT NULL,
  `view_count` int(11) NOT NULL DEFAULT 0,
  `status` tinyint(1) NOT NULL DEFAULT 0,
  `is_approved` tinyint(1) NOT NULL DEFAULT 0,
  `created_at` timestamp NULL DEFAULT NULL,
  `updated_at` timestamp NULL DEFAULT NULL
) ENGINE=InnoDB DEFAULT CHARSET=utf8mb4 COLLATE=utf8mb4_unicode_ci;

--
-- Dumping data for table `posts`
--

INSERT INTO `posts` (`id`, `user_id`, `title`, `slug`, `image`, `body`, `view_count`, `status`, `is_approved`, `created_at`, `updated_at`) VALUES
(21, 4, 'Naga Wings', 'naga-wings', 'naga-wings-2019-12-16-5df79ae1b7536.jpg', '<h1><strong>Enjoy the new hot and spicy Naga Wings!!!</strong></h1>\r\n<h2><strong>Only taka 150/- for 6 pcs</strong></h2>\r\n<h2><strong>and taka 300/- for 12 pcs</strong></h2>', 2, 1, 1, '2019-12-16 08:55:29', '2019-12-16 10:06:04'),
(22, 4, 'Beef burger with extra patty', 'beef-burger-with-extra-patty', 'beef-burger-with-extra-patty-2019-12-16-5df79b64ede60.jpg', '<h1><strong>The new Beef burger is here. Enjoy it with an extra patty.</strong></h1>\r\n<h2><strong>Only taka 300/-&nbsp;</strong></h2>', 1, 1, 1, '2019-12-16 08:57:41', '2019-12-16 09:43:47'),
(23, 4, 'Fat Mamba Burger', 'fat-mamba-burger', 'fat-mamba-burger-2019-12-16-5df79ce6e08ed.jpg', '<h1><strong>The new and improved Fat Mamba.</strong></h1>\r\n<h2>Only at taka 450/-&nbsp;</h2>', 0, 1, 1, '2019-12-16 09:04:07', '2019-12-16 09:08:47'),
(24, 4, 'Chicken Burger', 'chicken-burger', 'chicken-burger-2019-12-16-5df79d43b3350.jpg', '<h1>Here is our chicken burger.</h1>\r\n<h2>Only at taka 250/-</h2>', 0, 1, 1, '2019-12-16 09:05:40', '2019-12-16 09:08:50'),
(25, 4, 'Cold Coffee', 'cold-coffee', 'cold-coffee-2019-12-16-5df79d7d0159b.jpeg', '<h2><strong>Only at taka 60/-</strong></h2>', 2, 1, 1, '2019-12-16 09:06:37', '2019-12-16 10:55:44'),
(26, 4, 'Sandwich', 'sandwich', 'sandwich-2019-12-16-5df79db32d004.jpg', '<h2>Only at taka 200/-</h2>', 0, 1, 0, '2019-12-16 09:07:31', '2019-12-16 09:07:31'),
(27, 5, 'Chicken Pizza', 'chicken-pizza', 'chicken-pizza-2019-12-16-5df7a4320b44a.jpg', '<h1>This is the chicken pizza.</h1>\r\n<h2>Only at 499/- taka</h2>', 1, 1, 1, '2019-12-16 09:35:14', '2019-12-16 09:39:59'),
(28, 5, 'Beef Pizza', 'beef-pizza', 'beef-pizza-2019-12-16-5df7a486bcbff.jpg', '<h1>This is the beef pizza.</h1>\r\n<h2>Only at 699/- taka.</h2>', 1, 1, 1, '2019-12-16 09:36:39', '2019-12-16 09:48:01'),
(29, 5, 'Double Layered Pizza', 'double-layered-pizza', 'double-layered-pizza-2019-12-16-5df7a4e7366a8.jpg', '<h1>Double layer including chicken and beef part.</h1>\r\n<h2>Only at 999/- taka.</h2>', 1, 1, 1, '2019-12-16 09:38:15', '2019-12-16 09:39:55');

-- --------------------------------------------------------

--
-- Table structure for table `post_tag`
--

CREATE TABLE `post_tag` (
  `id` int(10) UNSIGNED NOT NULL,
  `post_id` int(11) NOT NULL,
  `tag_id` int(11) NOT NULL,
  `created_at` timestamp NULL DEFAULT NULL,
  `updated_at` timestamp NULL DEFAULT NULL
) ENGINE=InnoDB DEFAULT CHARSET=utf8mb4 COLLATE=utf8mb4_unicode_ci;

--
-- Dumping data for table `post_tag`
--

INSERT INTO `post_tag` (`id`, `post_id`, `tag_id`, `created_at`, `updated_at`) VALUES
(30, 21, 7, '2019-12-16 08:55:30', '2019-12-16 08:55:30'),
(31, 21, 8, '2019-12-16 08:55:30', '2019-12-16 08:55:30'),
(32, 21, 9, '2019-12-16 08:55:30', '2019-12-16 08:55:30'),
(33, 22, 2, '2019-12-16 08:57:41', '2019-12-16 08:57:41'),
(34, 22, 8, '2019-12-16 08:57:41', '2019-12-16 08:57:41'),
(35, 23, 2, '2019-12-16 09:04:07', '2019-12-16 09:04:07'),
(36, 23, 8, '2019-12-16 09:04:07', '2019-12-16 09:04:07'),
(37, 23, 11, '2019-12-16 09:04:07', '2019-12-16 09:04:07'),
(38, 24, 2, '2019-12-16 09:05:40', '2019-12-16 09:05:40'),
(39, 24, 8, '2019-12-16 09:05:40', '2019-12-16 09:05:40'),
(40, 24, 11, '2019-12-16 09:05:40', '2019-12-16 09:05:40'),
(41, 25, 8, '2019-12-16 09:06:37', '2019-12-16 09:06:37'),
(42, 25, 13, '2019-12-16 09:06:37', '2019-12-16 09:06:37'),
(43, 25, 15, '2019-12-16 09:06:37', '2019-12-16 09:06:37'),
(44, 25, 16, '2019-12-16 09:06:37', '2019-12-16 09:06:37'),
(45, 26, 8, '2019-12-16 09:07:31', '2019-12-16 09:07:31'),
(46, 26, 9, '2019-12-16 09:07:31', '2019-12-16 09:07:31'),
(47, 26, 10, '2019-12-16 09:07:31', '2019-12-16 09:07:31'),
(48, 27, 5, '2019-12-16 09:35:14', '2019-12-16 09:35:14'),
(49, 27, 8, '2019-12-16 09:35:14', '2019-12-16 09:35:14'),
(50, 27, 17, '2019-12-16 09:35:14', '2019-12-16 09:35:14'),
(51, 27, 19, '2019-12-16 09:35:14', '2019-12-16 09:35:14'),
(52, 27, 20, '2019-12-16 09:35:14', '2019-12-16 09:35:14'),
(53, 28, 5, '2019-12-16 09:36:39', '2019-12-16 09:36:39'),
(54, 28, 8, '2019-12-16 09:36:39', '2019-12-16 09:36:39'),
(55, 28, 9, '2019-12-16 09:36:39', '2019-12-16 09:36:39'),
(56, 28, 18, '2019-12-16 09:36:39', '2019-12-16 09:36:39'),
(57, 29, 5, '2019-12-16 09:38:15', '2019-12-16 09:38:15'),
(58, 29, 8, '2019-12-16 09:38:15', '2019-12-16 09:38:15'),
(59, 29, 9, '2019-12-16 09:38:15', '2019-12-16 09:38:15'),
(60, 29, 17, '2019-12-16 09:38:15', '2019-12-16 09:38:15'),
(61, 29, 18, '2019-12-16 09:38:15', '2019-12-16 09:38:15'),
(62, 29, 20, '2019-12-16 09:38:15', '2019-12-16 09:38:15');

-- --------------------------------------------------------

--
-- Table structure for table `post_user`
--

CREATE TABLE `post_user` (
  `id` int(10) UNSIGNED NOT NULL,
  `post_id` int(10) UNSIGNED NOT NULL,
  `user_id` int(11) NOT NULL,
  `created_at` timestamp NULL DEFAULT NULL,
  `updated_at` timestamp NULL DEFAULT NULL
) ENGINE=InnoDB DEFAULT CHARSET=utf8mb4 COLLATE=utf8mb4_unicode_ci;

--
-- Dumping data for table `post_user`
--

INSERT INTO `post_user` (`id`, `post_id`, `user_id`, `created_at`, `updated_at`) VALUES
(12, 21, 1, '2019-12-16 09:25:15', '2019-12-16 09:25:15'),
(13, 25, 1, '2019-12-16 09:25:28', '2019-12-16 09:25:28'),
(14, 24, 1, '2019-12-16 09:39:47', '2019-12-16 09:39:47'),
(15, 28, 1, '2019-12-16 09:39:52', '2019-12-16 09:39:52'),
(16, 28, 5, '2019-12-16 10:05:44', '2019-12-16 10:05:44'),
(17, 27, 5, '2019-12-16 10:05:47', '2019-12-16 10:05:47'),
(18, 29, 5, '2019-12-16 10:05:49', '2019-12-16 10:05:49'),
(19, 23, 5, '2019-12-16 10:05:51', '2019-12-16 10:05:51'),
(20, 21, 5, '2019-12-16 10:06:02', '2019-12-16 10:06:02');

-- --------------------------------------------------------

--
-- Table structure for table `roles`
--

CREATE TABLE `roles` (
  `id` int(10) UNSIGNED NOT NULL,
  `name` varchar(255) COLLATE utf8mb4_unicode_ci NOT NULL,
  `slug` varchar(255) COLLATE utf8mb4_unicode_ci NOT NULL,
  `created_at` timestamp NULL DEFAULT NULL,
  `updated_at` timestamp NULL DEFAULT NULL
) ENGINE=InnoDB DEFAULT CHARSET=utf8mb4 COLLATE=utf8mb4_unicode_ci;

--
-- Dumping data for table `roles`
--

INSERT INTO `roles` (`id`, `name`, `slug`, `created_at`, `updated_at`) VALUES
(1, 'Admin', 'admin', NULL, NULL),
(2, 'Author', 'author', NULL, NULL);

-- --------------------------------------------------------

--
-- Table structure for table `subscribers`
--

CREATE TABLE `subscribers` (
  `id` int(10) UNSIGNED NOT NULL,
  `email` varchar(255) COLLATE utf8mb4_unicode_ci NOT NULL,
  `created_at` timestamp NULL DEFAULT NULL,
  `updated_at` timestamp NULL DEFAULT NULL
) ENGINE=InnoDB DEFAULT CHARSET=utf8mb4 COLLATE=utf8mb4_unicode_ci;

--
-- Dumping data for table `subscribers`
--

INSERT INTO `subscribers` (`id`, `email`, `created_at`, `updated_at`) VALUES
(3, 'auninda123@gmail.com', '2019-12-14 13:07:18', '2019-12-14 13:07:18'),
(4, 'victor123@gmail.com', '2019-12-14 13:07:26', '2019-12-14 13:07:26');

-- --------------------------------------------------------

--
-- Table structure for table `tags`
--

CREATE TABLE `tags` (
  `id` int(10) UNSIGNED NOT NULL,
  `name` varchar(255) COLLATE utf8mb4_unicode_ci NOT NULL,
  `slug` varchar(255) COLLATE utf8mb4_unicode_ci NOT NULL,
  `created_at` timestamp NULL DEFAULT NULL,
  `updated_at` timestamp NULL DEFAULT NULL
) ENGINE=InnoDB DEFAULT CHARSET=utf8mb4 COLLATE=utf8mb4_unicode_ci;

--
-- Dumping data for table `tags`
--

INSERT INTO `tags` (`id`, `name`, `slug`, `created_at`, `updated_at`) VALUES
(2, 'Burger', 'burger', '2019-12-13 13:08:33', '2019-12-13 13:08:33'),
(3, 'Pasta', 'pasta', '2019-12-13 13:24:32', '2019-12-13 13:24:32'),
(5, 'Pizza', 'pizza', '2019-12-13 23:20:22', '2019-12-13 23:20:22'),
(6, 'Chicken  Fry', 'chicken-fry', '2019-12-14 03:04:25', '2019-12-14 03:04:25'),
(7, 'Naga wings', 'naga-wings', '2019-12-14 03:04:40', '2019-12-14 03:04:40'),
(8, 'Yummy', 'yummy', '2019-12-16 08:37:06', '2019-12-16 08:37:06'),
(9, 'Spicy', 'spicy', '2019-12-16 08:37:12', '2019-12-16 08:37:12'),
(10, 'Sandwich', 'sandwich', '2019-12-16 08:37:19', '2019-12-16 08:37:19'),
(11, 'chicken burger', 'chicken-burger', '2019-12-16 08:37:26', '2019-12-16 08:37:26'),
(12, 'crispy', 'crispy', '2019-12-16 08:37:35', '2019-12-16 08:37:35'),
(13, 'cold', 'cold', '2019-12-16 08:37:53', '2019-12-16 08:37:53'),
(14, 'biriyani', 'biriyani', '2019-12-16 08:38:28', '2019-12-16 08:38:28'),
(15, 'Cold coffee', 'cold-coffee', '2019-12-16 08:39:34', '2019-12-16 08:39:34'),
(16, 'coffee', 'coffee', '2019-12-16 08:39:40', '2019-12-16 08:39:40'),
(17, 'Chicken pizza', 'chicken-pizza', '2019-12-16 09:32:40', '2019-12-16 09:32:40'),
(18, 'Beef pizza', 'beef-pizza', '2019-12-16 09:32:50', '2019-12-16 09:32:50'),
(19, 'Hot', 'hot', '2019-12-16 09:32:55', '2019-12-16 09:32:55'),
(20, 'Chicken', 'chicken', '2019-12-16 09:33:17', '2019-12-16 09:33:17');

-- --------------------------------------------------------

--
-- Table structure for table `users`
--

CREATE TABLE `users` (
  `id` int(10) UNSIGNED NOT NULL,
  `role_id` int(11) NOT NULL DEFAULT 2,
  `name` varchar(255) COLLATE utf8mb4_unicode_ci NOT NULL,
  `username` varchar(255) COLLATE utf8mb4_unicode_ci NOT NULL,
  `email` varchar(255) COLLATE utf8mb4_unicode_ci NOT NULL,
  `password` varchar(255) COLLATE utf8mb4_unicode_ci NOT NULL,
  `image` varchar(255) COLLATE utf8mb4_unicode_ci NOT NULL DEFAULT 'default-png',
  `about` text COLLATE utf8mb4_unicode_ci DEFAULT NULL,
  `remember_token` varchar(100) COLLATE utf8mb4_unicode_ci DEFAULT NULL,
  `created_at` timestamp NULL DEFAULT NULL,
  `updated_at` timestamp NULL DEFAULT NULL
) ENGINE=InnoDB DEFAULT CHARSET=utf8mb4 COLLATE=utf8mb4_unicode_ci;

--
-- Dumping data for table `users`
--

INSERT INTO `users` (`id`, `role_id`, `name`, `username`, `email`, `password`, `image`, `about`, `remember_token`, `created_at`, `updated_at`) VALUES
(1, 1, 'Admin Khaled', 'admin', 'admin123@blog.com', '$2y$10$oKZ1cSCOScRyEHl6u0EI1unA/Kw5c8AWdz.1DN2A9HIyfcA0.T1HC', 'admin-khaled-2019-12-15-5df5e9a0f015b.jpg', 'I am Khaled Bin Abdullah. Creator of this website and also the admin of FoodHub.', 'VBO6iHRAMIAhnh4zozoQUJHIzaqPBkqTHOwRY8uzSYAykNO6YuLCGdODDkbi', '2019-12-13 18:00:00', '2019-12-15 03:40:19'),
(2, 2, 'Author New', 'author', 'author123@blog.com', '$2y$10$17d81zLT7q8okhA14XxSVe.m9dmOpdYgkTQ3As9IUDN8J5S46rp5i', 'author-new-2019-12-15-5df6042abee92.jpg', 'I\'m the first author', 'CGgllGfD79vlt8nC8xD0IIrZ4G7fFyTpxOwrkWWFyFhCIQMgMcEiYzrO5ehT', '2019-12-13 18:00:00', '2019-12-15 04:03:39'),
(4, 2, 'Khana\'s', 'khanas', 'khanas@gmail.com', '$2y$10$19IkSXD0gE2YfSaPN/7ceuUUq9FnlbAYfzI9Mz8qHOGGIZJksjXsO', 'khanas-2019-12-16-5df79855c264f.png', 'Inspire by street food business by the name Ande Khana Since 2010. We had an incredible success. Now we will be serving as Khana\'s.\r\nLocation - 442 New Apolo Road, Dhalibari Road, Vatara, Bashundhara Residential Area, Dhaka -1229\r\nDhaka, Bangladesh.', 'E2fIk5Dadizqvboa8olYsxeigM3mjQfj7gZPtiXAZrfRp2ShbLuEFKLxiEUS', '2019-12-16 08:44:19', '2019-12-16 08:48:49'),
(5, 2, 'Pizza Hut', 'pizzahut', 'pizzahut@gmail.com', '$2y$10$4twi9SB4CREElwzPaR5NPOBkckbQbcMKUHL4SeEX03fJABKPngUBq', 'pizza-hut-2019-12-16-5df7a2ed59aee.png', 'Pizza Hut is an American restaurant chain and international franchise which was founded in 1958 in Wichita, Kansas by Dan and Frank Carney. The company is known for its Italian-American cuisine menu, including pizza and pasta, as well as side dishes and desserts.', 'uw3A8q46QtEVZwzHscSWIZpxSiptqcL3d0B2Zfh9xnuhD1qLrGuHy32ddlU2', '2019-12-16 09:27:29', '2019-12-16 09:29:49');

--
-- Indexes for dumped tables
--

--
-- Indexes for table `categories`
--
ALTER TABLE `categories`
  ADD PRIMARY KEY (`id`);

--
-- Indexes for table `category_post`
--
ALTER TABLE `category_post`
  ADD PRIMARY KEY (`id`);

--
-- Indexes for table `comments`
--
ALTER TABLE `comments`
  ADD PRIMARY KEY (`id`),
  ADD KEY `comments_post_id_foreign` (`post_id`),
  ADD KEY `comments_user_id_foreign` (`user_id`);

--
-- Indexes for table `jobs`
--
ALTER TABLE `jobs`
  ADD PRIMARY KEY (`id`),
  ADD KEY `jobs_queue_index` (`queue`);

--
-- Indexes for table `migrations`
--
ALTER TABLE `migrations`
  ADD PRIMARY KEY (`id`);

--
-- Indexes for table `password_resets`
--
ALTER TABLE `password_resets`
  ADD KEY `password_resets_email_index` (`email`);

--
-- Indexes for table `posts`
--
ALTER TABLE `posts`
  ADD PRIMARY KEY (`id`),
  ADD UNIQUE KEY `posts_slug_unique` (`slug`),
  ADD KEY `posts_user_id_foreign` (`user_id`);

--
-- Indexes for table `post_tag`
--
ALTER TABLE `post_tag`
  ADD PRIMARY KEY (`id`);

--
-- Indexes for table `post_user`
--
ALTER TABLE `post_user`
  ADD PRIMARY KEY (`id`),
  ADD KEY `post_user_post_id_foreign` (`post_id`);

--
-- Indexes for table `roles`
--
ALTER TABLE `roles`
  ADD PRIMARY KEY (`id`);

--
-- Indexes for table `subscribers`
--
ALTER TABLE `subscribers`
  ADD PRIMARY KEY (`id`);

--
-- Indexes for table `tags`
--
ALTER TABLE `tags`
  ADD PRIMARY KEY (`id`);

--
-- Indexes for table `users`
--
ALTER TABLE `users`
  ADD PRIMARY KEY (`id`),
  ADD UNIQUE KEY `users_username_unique` (`username`),
  ADD UNIQUE KEY `users_email_unique` (`email`);

--
-- AUTO_INCREMENT for dumped tables
--

--
-- AUTO_INCREMENT for table `categories`
--
ALTER TABLE `categories`
  MODIFY `id` int(10) UNSIGNED NOT NULL AUTO_INCREMENT, AUTO_INCREMENT=29;

--
-- AUTO_INCREMENT for table `category_post`
--
ALTER TABLE `category_post`
  MODIFY `id` int(10) UNSIGNED NOT NULL AUTO_INCREMENT, AUTO_INCREMENT=33;

--
-- AUTO_INCREMENT for table `comments`
--
ALTER TABLE `comments`
  MODIFY `id` int(10) UNSIGNED NOT NULL AUTO_INCREMENT, AUTO_INCREMENT=4;

--
-- AUTO_INCREMENT for table `jobs`
--
ALTER TABLE `jobs`
  MODIFY `id` bigint(20) UNSIGNED NOT NULL AUTO_INCREMENT, AUTO_INCREMENT=41;

--
-- AUTO_INCREMENT for table `migrations`
--
ALTER TABLE `migrations`
  MODIFY `id` int(10) UNSIGNED NOT NULL AUTO_INCREMENT, AUTO_INCREMENT=14;

--
-- AUTO_INCREMENT for table `posts`
--
ALTER TABLE `posts`
  MODIFY `id` int(10) UNSIGNED NOT NULL AUTO_INCREMENT, AUTO_INCREMENT=30;

--
-- AUTO_INCREMENT for table `post_tag`
--
ALTER TABLE `post_tag`
  MODIFY `id` int(10) UNSIGNED NOT NULL AUTO_INCREMENT, AUTO_INCREMENT=63;

--
-- AUTO_INCREMENT for table `post_user`
--
ALTER TABLE `post_user`
  MODIFY `id` int(10) UNSIGNED NOT NULL AUTO_INCREMENT, AUTO_INCREMENT=21;

--
-- AUTO_INCREMENT for table `roles`
--
ALTER TABLE `roles`
  MODIFY `id` int(10) UNSIGNED NOT NULL AUTO_INCREMENT, AUTO_INCREMENT=3;

--
-- AUTO_INCREMENT for table `subscribers`
--
ALTER TABLE `subscribers`
  MODIFY `id` int(10) UNSIGNED NOT NULL AUTO_INCREMENT, AUTO_INCREMENT=5;

--
-- AUTO_INCREMENT for table `tags`
--
ALTER TABLE `tags`
  MODIFY `id` int(10) UNSIGNED NOT NULL AUTO_INCREMENT, AUTO_INCREMENT=21;

--
-- AUTO_INCREMENT for table `users`
--
ALTER TABLE `users`
  MODIFY `id` int(10) UNSIGNED NOT NULL AUTO_INCREMENT, AUTO_INCREMENT=6;

--
-- Constraints for dumped tables
--

--
-- Constraints for table `comments`
--
ALTER TABLE `comments`
  ADD CONSTRAINT `comments_post_id_foreign` FOREIGN KEY (`post_id`) REFERENCES `posts` (`id`) ON DELETE CASCADE,
  ADD CONSTRAINT `comments_user_id_foreign` FOREIGN KEY (`user_id`) REFERENCES `users` (`id`) ON DELETE CASCADE;

--
-- Constraints for table `posts`
--
ALTER TABLE `posts`
  ADD CONSTRAINT `posts_user_id_foreign` FOREIGN KEY (`user_id`) REFERENCES `users` (`id`) ON DELETE CASCADE;

--
-- Constraints for table `post_user`
--
ALTER TABLE `post_user`
  ADD CONSTRAINT `post_user_post_id_foreign` FOREIGN KEY (`post_id`) REFERENCES `posts` (`id`) ON DELETE CASCADE;
COMMIT;

/*!40101 SET CHARACTER_SET_CLIENT=@OLD_CHARACTER_SET_CLIENT */;
/*!40101 SET CHARACTER_SET_RESULTS=@OLD_CHARACTER_SET_RESULTS */;
/*!40101 SET COLLATION_CONNECTION=@OLD_COLLATION_CONNECTION */;
